fundingTime,fundingRate,mark_candle_ts,mark_close,spot_candle_ts,spot_close,align_ok,mark_skew_ms,spot_skew_ms
1746028800000,6.40454833508e-05,1746028800000,93901.0,1746028800000,93948.7,1,0,0
1746057600000,7.8225554933e-06,1746057600000,94340.7,1746057600000,94401.3,1,0,0
1746086400000,1.07070720484e-05,1746086400000,95147.4,1746086400000,95197.1,1,0,0
1746115200000,-4.31672761141e-05,1746115200000,96962.2,1746115200000,97007.9,1,0,0
1746144000000,4.9134354431e-05,1746144000000,96990.1,1746144000000,97041.8,1,0,0
1746172800000,3.97700292374e-05,1746172800000,96595.7,1746172800000,96641.2,1,0,0
1746201600000,-3.83599574601e-05,1746201600000,97300.0,1746201600000,97351.8,1,0,0
1746230400000,-2.106174506e-06,1746230400000,96653.1,1746230400000,96702.0,1,0,0
1746259200000,-1.30941855034e-05,1746259200000,96250.0,1746259200000,96302.0,1,0,0
1746288000000,1.36727352674e-05,1746288000000,96168.9,1746288000000,96215.1,1,0,0
1746316800000,6.95142110183e-05,1746316800000,95820.0,1746316800000,95873.9,1,0,0
1746345600000,4.89665159632e-05,1746345600000,95613.2,1746345600000,95650.0,1,0,0
1746374400000,1.02761141087e-05,1746374400000,95294.9,1746374400000,95347.2,1,0,0
1746403200000,3.309450461e-07,1746403200000,94665.5,1746403200000,94714.1,1,0,0
1746432000000,2.5726219074e-05,1746432000000,94527.2,1746432000000,94567.8,1,0,0
1746460800000,6.0120168603e-05,1746460800000,94168.6,1746460800000,94216.0,1,0,0
1746489600000,-8.928223341e-06,1746489600000,94563.9,1746489600000,94606.3,1,0,0
1746518400000,-8.5322242336e-06,1746518400000,94332.4,1746518400000,94379.9,1,0,0
1746547200000,-1.10378224854e-05,1746547200000,94194.6,1746547200000,94238.0,1,0,0
1746576000000,-6.7795375884e-06,1746576000000,97373.0,1746576000000,97418.1,1,0,0
1746604800000,7.9004691097e-05,1746604800000,96963.5,1746604800000,97018.4,1,0,0
1746633600000,-2.48419128318e-05,1746633600000,96810.0,1746633600000,96856.1,1,0,0
1746662400000,-1.08160976437e-05,1746662400000,97727.3,1746662400000,97763.9,1,0,0
1746691200000,0.0001,1746691200000,99615.7,1746691200000,99671.7,1,0,0
1746720000000,5.08058442283e-05,1746720000000,101233.3,1746720000000,101286.0,1,0,0
1746748800000,0.0001,1746748800000,102770.8,1746748800000,102815.0,1,0,0
1746777600000,0.0001,1746777600000,102950.9,1746777600000,102966.8,1,0,0
1746806400000,1.6868711285e-06,1746806400000,102434.9,1746806400000,102483.9,1,0,0
1746835200000,5.88123609511e-05,1746835200000,102814.4,1746835200000,102860.1,1,0,0
1746864000000,9.9755120855e-05,1746864000000,103589.0,1746864000000,103638.2,1,0,0
1746892800000,0.0001,1746892800000,103412.3,1746892800000,103451.0,1,0,0
1746921600000,0.0001,1746921600000,104394.5,1746921600000,104419.6,1,0,0
1746950400000,3.63546282896e-05,1746950400000,103773.6,1746950400000,103817.4,1,0,0
1746979200000,9.5093425192e-05,1746979200000,103949.8,1746979200000,103992.0,1,0,0
1747008000000,3.48169154459e-05,1747008000000,104537.1,1747008000000,104593.3,1,0,0
1747036800000,0.0001,1747036800000,104558.0,1747036800000,104608.9,1,0,0
1747065600000,8.07735089841e-05,1747065600000,102810.8,1747065600000,102846.1,1,0,0
1747094400000,7.85974223231e-05,1747094400000,102234.6,1747094400000,102273.8,1,0,0
1747123200000,6.9154759866e-05,1747123200000,102665.1,1747123200000,102712.0,1,0,0
1747152000000,0.0001,1747152000000,103677.4,1747152000000,103730.0,1,0,0
1747180800000,0.0001,1747180800000,103867.8,1747180800000,103924.5,1,0,0
1747209600000,5.89500417609e-05,1747209600000,103147.2,1747209600000,103207.5,1,0,0
1747238400000,5.64287212759e-05,1747238400000,103330.5,1747238400000,103371.4,1,0,0
1747267200000,1.15991581556e-05,1747267200000,103755.7,1747267200000,103799.9,1,0,0
1747296000000,8.13454541166e-05,1747296000000,102221.5,1747296000000,102267.9,1,0,0
1747324800000,4.74631606875e-05,1747324800000,103807.3,1747324800000,103838.0,1,0,0
1747353600000,8.77621647427e-05,1747353600000,103728.5,1747353600000,103760.7,1,0,0
1747382400000,0.0001,1747382400000,103367.8,1747382400000,103400.0,1,0,0
1747411200000,2.2588895669e-05,1747411200000,104088.3,1747411200000,104146.9,1,0,0
1747440000000,-1.66507782495e-05,1747440000000,103300.1,1747440000000,103349.1,1,0,0
1747468800000,5.86917219088e-05,1747468800000,103367.2,1747468800000,103418.0,1,0,0
1747497600000,6.16947516587e-05,1747497600000,102908.3,1747497600000,102952.0,1,0,0
1747526400000,0.0001,1747526400000,103330.0,1747526400000,103378.6,1,0,0
1747555200000,0.0001,1747555200000,103883.9,1747555200000,103908.6,1,0,0
1747584000000,0.0001,1747584000000,105795.4,1747584000000,105818.0,1,0,0
1747612800000,0.0001,1747612800000,105245.5,1747612800000,105250.3,1,0,0
1747641600000,5.87277255139e-05,1747641600000,103189.9,1747641600000,103239.3,1,0,0
1747670400000,-6.115978831e-06,1747670400000,105332.0,1747670400000,105365.7,1,0,0
1747699200000,0.0001,1747699200000,105706.4,1747699200000,105719.6,1,0,0
1747728000000,0.0001,1747728000000,105193.1,1747728000000,105225.3,1,0,0
1747756800000,7.21398014337e-05,1747756800000,105161.9,1747756800000,105213.9,1,0,0
1747785600000,7.31866294177e-05,1747785600000,106701.3,1747785600000,106745.9,1,0,0
1747814400000,0.0001,1747814400000,106338.3,1747814400000,106386.0,1,0,0
1747843200000,4.41730152301e-05,1747843200000,109086.4,1747843200000,109130.9,1,0,0
1747872000000,0.0001,1747872000000,109924.4,1747872000000,109962.0,1,0,0
1747900800000,0.0001,1747900800000,110382.5,1747900800000,110400.0,1,0,0
1747929600000,0.0001,1747929600000,111210.8,1747929600000,111259.9,1,0,0
1747958400000,5.00864049387e-05,1747958400000,111563.5,1747958400000,111611.9,1,0,0
1747987200000,0.0001,1747987200000,110881.8,1747987200000,110930.0,1,0,0
1748016000000,6.39925758241e-05,1748016000000,109032.2,1748016000000,109077.4,1,0,0
1748044800000,7.00781411061e-05,1748044800000,107326.5,1748044800000,107370.2,1,0,0
1748073600000,9.78884787909e-05,1748073600000,108212.6,1748073600000,108246.6,1,0,0
1748102400000,0.0001,1748102400000,108951.9,1748102400000,109005.1,1,0,0
1748131200000,0.0001,1748131200000,107415.1,1748131200000,107435.9,1,0,0
1748160000000,6.35397311851e-05,1748160000000,107080.3,1748160000000,107120.0,1,0,0
1748188800000,7.22316980628e-05,1748188800000,107156.5,1748188800000,107184.2,1,0,0
1748217600000,0.0001,1748217600000,109499.8,1748217600000,109534.1,1,0,0
1748246400000,0.0001,1748246400000,109632.4,1748246400000,109660.0,1,0,0
1748275200000,0.0001,1748275200000,109357.6,1748275200000,109386.1,1,0,0
1748304000000,0.0001,1748304000000,109115.1,1748304000000,109152.3,1,0,0
1748332800000,5.14767620918e-05,1748332800000,109644.7,1748332800000,109693.8,1,0,0
1748361600000,3.73499194977e-05,1748361600000,110183.0,1748361600000,110222.0,1,0,0
1748390400000,0.0001,1748390400000,109166.3,1748390400000,109204.3,1,0,0
1748419200000,0.0001,1748419200000,108979.7,1748419200000,109032.6,1,0,0
1748448000000,0.0001,1748448000000,107379.1,1748448000000,107432.0,1,0,0
1748476800000,3.61990333e-05,1748476800000,108229.3,1748476800000,108287.3,1,0,0
1748505600000,1.33486796113e-05,1748505600000,108455.4,1748505600000,108492.6,1,0,0
1748534400000,0.0001,1748534400000,106715.0,1748534400000,106731.7,1,0,0
1748563200000,0.0001,1748563200000,104873.3,1748563200000,104940.2,1,0,0
1748592000000,3.56484547518e-05,1748592000000,105131.1,1748592000000,105168.8,1,0,0
1748620800000,6.08478006794e-05,1748620800000,103877.6,1748620800000,103901.7,1,0,0
1748649600000,8.49614457543e-05,1748649600000,103926.0,1748649600000,103957.7,1,0,0
1748678400000,0.0001,1748678400000,103605.6,1748678400000,103660.0,1,0,0
1748707200000,6.03215021756e-05,1748707200000,104445.8,1748707200000,104490.0,1,0,0
1748736000000,3.83329486021e-05,1748736000000,104412.3,1748736000000,104458.5,1,0,0
1748764800000,3.14635420249e-05,1748764800000,104349.3,1748764800000,104394.9,1,0,0
1748793600000,5.6968413994e-06,1748793600000,104973.4,1748793600000,105031.7,1,0,0
1748822400000,-1.13356638395e-05,1748822400000,105380.7,1748822400000,105424.9,1,0,0
1748851200000,6.96990848657e-05,1748851200000,105298.0,1748851200000,105344.0,1,0,0
1748880000000,6.60439349352e-05,1748880000000,104223.2,1748880000000,104283.0,1,0,0
1748908800000,4.31046204204e-05,1748908800000,106233.5,1748908800000,106277.9,1,0,0
1748937600000,0.0001,1748937600000,105056.7,1748937600000,105085.9,1,0,0
1748966400000,2.49047869903e-05,1748966400000,105777.2,1748966400000,105824.4,1,0,0
1748995200000,5.084481378e-07,1748995200000,105436.3,1748995200000,105488.4,1,0,0
1749024000000,0.0001,1749024000000,105400.1,1749024000000,105436.9,1,0,0
1749052800000,4.58317031727e-05,1749052800000,105396.2,1749052800000,105446.0,1,0,0
1749081600000,4.32147196276e-05,1749081600000,104930.7,1749081600000,104975.0,1,0,0
1749110400000,9.40740820075e-05,1749110400000,104648.1,1749110400000,104682.9,1,0,0
1749139200000,4.34286755337e-05,1749139200000,103216.0,1749139200000,103274.4,1,0,0
1749168000000,1.54504296009e-05,1749168000000,101842.9,1749168000000,101904.0,1,0,0
1749196800000,-7.92839459623e-05,1749196800000,103452.4,1749196800000,103499.9,1,0,0
1749225600000,-1.82867741832e-05,1749225600000,104712.0,1749225600000,104761.4,1,0,0
1749254400000,1.71689757947e-05,1749254400000,104473.2,1749254400000,104519.1,1,0,0
1749283200000,-2.72392117232e-05,1749283200000,104690.3,1749283200000,104739.5,1,0,0
1749312000000,-5.51596543439e-05,1749312000000,105295.2,1749312000000,105346.3,1,0,0
1749340800000,-5.7900118386e-06,1749340800000,105414.7,1749340800000,105468.0,1,0,0
1749369600000,2.49304804827e-05,1749369600000,105339.4,1749369600000,105375.8,1,0,0
1749398400000,6.3294660537e-06,1749398400000,106143.3,1749398400000,106200.0,1,0,0
1749427200000,3.60755982289e-05,1749427200000,105656.6,1749427200000,105710.6,1,0,0
1749456000000,1.07684903325e-05,1749456000000,105880.9,1749456000000,105932.4,1,0,0
1749484800000,-1.3836820365e-05,1749484800000,107651.6,1749484800000,107712.0,1,0,0
1749513600000,5.22551268937e-05,1749513600000,109867.9,1749513600000,109904.5,1,0,0
1749542400000,6.74869404338e-05,1749542400000,109031.7,1749542400000,109088.3,1,0,0
1749571200000,7.64005616316e-05,1749571200000,108672.0,1749571200000,108727.9,1,0,0
1749600000000,3.16481363033e-05,1749600000000,109788.7,1749600000000,109825.7,1,0,0
1749628800000,0.0001,1749628800000,109514.2,1749628800000,109560.5,1,0,0
1749657600000,1.3031440131e-06,1749657600000,109401.5,1749657600000,109444.9,1,0,0
1749686400000,6.49280919954e-05,1749686400000,108660.7,1749686400000,108705.8,1,0,0
1749715200000,7.70655625389e-05,1749715200000,107685.2,1749715200000,107729.5,1,0,0
1749744000000,1.65688558309e-05,1749744000000,107698.3,1749744000000,107743.7,1,0,0
1749772800000,2.692735242e-05,1749772800000,103750.1,1749772800000,103802.6,1,0,0
1749801600000,9.9143396706e-06,1749801600000,104675.1,1749801600000,104737.5,1,0,0
1749830400000,4.6765059513e-06,1749830400000,105727.8,1749830400000,105777.9,1,0,0
1749859200000,7.17999214758e-05,1749859200000,105771.2,1749859200000,105812.1,1,0,0
1749888000000,6.51127052586e-05,1749888000000,105056.7,1749888000000,105100.0,1,0,0
1749916800000,-1.74272732067e-05,1749916800000,104420.5,1749916800000,104463.4,1,0,0
1749945600000,4.8124839828e-06,1749945600000,105592.9,1749945600000,105649.4,1,0,0
1749974400000,2.54195837191e-05,1749974400000,105164.5,1749974400000,105197.2,1,0,0
1750003200000,4.03786442118e-05,1750003200000,105524.0,1750003200000,105571.6,1,0,0
1750032000000,3.77018110776e-05,1750032000000,105391.8,1750032000000,105435.7,1,0,0
1750060800000,1.77312255899e-05,1750060800000,107130.8,1750060800000,107172.1,1,0,0
1750089600000,2.61349083371e-05,1750089600000,107717.8,1750089600000,107767.9,1,0,0
1750118400000,2.32591443088e-05,1750118400000,107183.9,1750118400000,107247.9,1,0,0
1750147200000,8.30763241225e-05,1750147200000,106529.6,1750147200000,106564.5,1,0,0
1750176000000,9.87205691616e-05,1750176000000,103581.6,1750176000000,103624.5,1,0,0
1750204800000,2.39824943308e-05,1750204800000,104788.9,1750204800000,104846.4,1,0,0
1750233600000,-4.3945227225e-06,1750233600000,104908.9,1750233600000,104953.9,1,0,0
1750262400000,5.48747330442e-05,1750262400000,104361.8,1750262400000,104416.7,1,0,0
1750291200000,1.7486466902e-06,1750291200000,104894.6,1750291200000,104941.5,1,0,0
1750320000000,2.97154361771e-05,1750320000000,104694.3,1750320000000,104742.7,1,0,0
1750348800000,9.3121947436e-05,1750348800000,103970.5,1750348800000,104004.0,1,0,0
1750377600000,1.50970489302e-05,1750377600000,104640.1,1750377600000,104693.0,1,0,0
1750406400000,3.76218645785e-05,1750406400000,105901.3,1750406400000,105952.0,1,0,0
1750435200000,5.95124187289e-05,1750435200000,103629.5,1750435200000,103673.4,1,0,0
1750464000000,-4.2360963853e-06,1750464000000,103206.1,1750464000000,103252.7,1,0,0
1750492800000,-2.47403345674e-05,1750492800000,103776.3,1750492800000,103824.1,1,0,0
1750521600000,8.27708234959e-05,1750521600000,103442.6,1750521600000,103490.0,1,0,0
1750550400000,3.97040911469e-05,1750550400000,102803.8,1750550400000,102852.8,1,0,0
1750579200000,3.95182696428e-05,1750579200000,102665.9,1750579200000,102720.0,1,0,0
1750608000000,5.08392204879e-05,1750608000000,99611.6,1750608000000,99666.0,1,0,0
1750636800000,-5.334657543e-05,1750636800000,100852.8,1750636800000,100908.0,1,0,0
1750665600000,-2.1329146121e-05,1750665600000,101811.4,1750665600000,101870.5,1,0,0
1750694400000,4.15529546045e-05,1750694400000,100649.5,1750694400000,100706.0,1,0,0
1750723200000,-1.90952717654e-05,1750723200000,105093.2,1750723200000,105143.9,1,0,0
1750752000000,3.27189026426e-05,1750752000000,104969.3,1750752000000,105011.2,1,0,0
1750780800000,3.73818994284e-05,1750780800000,106179.3,1750780800000,106220.0,1,0,0
1750809600000,-2.95314939576e-05,1750809600000,106355.8,1750809600000,106410.0,1,0,0
1750838400000,7.21857553953e-05,1750838400000,106588.4,1750838400000,106645.6,1,0,0
1750867200000,-7.8500422581e-06,1750867200000,107085.3,1750867200000,107150.0,1,0,0
1750896000000,-5.21208110361e-05,1750896000000,107262.1,1750896000000,107313.9,1,0,0
1750924800000,2.83148318001e-05,1750924800000,107691.0,1750924800000,107765.9,1,0,0
1750953600000,2.39584331826e-05,1750953600000,107150.4,1750953600000,107213.5,1,0,0
1750982400000,1.25607840098e-05,1750982400000,106631.3,1750982400000,106685.9,1,0,0
1751011200000,-4.66411358e-08,1751011200000,106957.0,1751011200000,107001.0,1,0,0
1751040000000,1.33052533877e-05,1751040000000,107421.1,1751040000000,107481.6,1,0,0
1751068800000,-7.5775508877e-06,1751068800000,106999.4,1751068800000,107064.1,1,0,0
1751097600000,-2.94844102158e-05,1751097600000,107319.9,1751097600000,107385.1,1,0,0
1751126400000,-2.8699406371e-05,1751126400000,107254.9,1751126400000,107301.7,1,0,0
1751155200000,-5.3101380944e-05,1751155200000,107412.3,1751155200000,107472.0,1,0,0
1751184000000,1.76694256142e-05,1751184000000,107635.7,1751184000000,107699.9,1,0,0
1751212800000,2.39878353558e-05,1751212800000,107487.8,1751212800000,107552.1,1,0,0
1751241600000,-5.77857531372e-05,1751241600000,108671.4,1751241600000,108713.5,1,0,0
1751270400000,-5.9134499671e-06,1751270400000,107453.0,1751270400000,107504.2,1,0,0
1751299200000,2.20515529903e-05,1751299200000,107541.7,1751299200000,107603.9,1,0,0
1751328000000,-6.96522861993e-05,1751328000000,107321.3,1751328000000,107378.0,1,0,0
1751356800000,6.5114139632e-05,1751356800000,106666.7,1751356800000,106714.0,1,0,0
1751385600000,5.6833712858e-06,1751385600000,106032.3,1751385600000,106087.6,1,0,0
1751414400000,4.14374923927e-05,1751414400000,105344.9,1751414400000,105385.4,1,0,0
1751443200000,-3.38413961568e-05,1751443200000,107677.3,1751443200000,107731.9,1,0,0
1751472000000,1.53939988284e-05,1751472000000,109364.5,1751472000000,109414.8,1,0,0
1751500800000,6.19084888648e-05,1751500800000,108883.0,1751500800000,108927.5,1,0,0
1751529600000,5.25136790603e-05,1751529600000,109324.4,1751529600000,109378.0,1,0,0
1751558400000,4.47248844533e-05,1751558400000,109236.4,1751558400000,109285.0,1,0,0
1751587200000,1.61459984621e-05,1751587200000,109414.9,1751587200000,109472.0,1,0,0
1751616000000,1.3926344289e-05,1751616000000,108706.0,1751616000000,108760.1,1,0,0
1751644800000,6.1222782396e-05,1751644800000,107594.7,1751644800000,107644.1,1,0,0
1751673600000,3.32687189961e-05,1751673600000,108149.6,1751673600000,108196.0,1,0,0
1751702400000,-1.57499070073e-05,1751702400000,107971.2,1751702400000,108023.2,1,0,0
1751731200000,-1.16945702931e-05,1751731200000,108048.3,1751731200000,108105.6,1,0,0
1751760000000,-4.25242907637e-05,1751760000000,108149.9,1751760000000,108210.0,1,0,0
1751788800000,3.28077241712e-05,1751788800000,107967.8,1751788800000,108000.2,1,0,0
1751817600000,4.75987842235e-05,1751817600000,108799.8,1751817600000,108856.9,1,0,0
1751846400000,5.68831433479e-05,1751846400000,108777.5,1751846400000,108822.1,1,0,0
1751875200000,4.66853787847e-05,1751875200000,108976.0,1751875200000,109012.2,1,0,0
1751904000000,2.12333730207e-05,1751904000000,107927.0,1751904000000,107981.7,1,0,0
1751932800000,3.29963566429e-05,1751932800000,108247.6,1751932800000,108292.7,1,0,0
1751961600000,7.30329825476e-05,1751961600000,108221.0,1751961600000,108262.0,1,0,0
1751990400000,9.1288501819e-06,1751990400000,108392.9,1751990400000,108446.4,1,0,0
1752019200000,-9.619646961e-06,1752019200000,108895.5,1752019200000,108933.5,1,0,0
1752048000000,6.18037532493e-05,1752048000000,108610.1,1752048000000,108669.2,1,0,0
1752076800000,3.61079715861e-05,1752076800000,109347.2,1752076800000,109410.1,1,0,0
1752105600000,4.71558832237e-05,1752105600000,110861.0,1752105600000,110921.2,1,0,0
1752134400000,1.89503321706e-05,1752134400000,111173.5,1752134400000,111232.1,1,0,0
1752163200000,2.12570433261e-05,1752163200000,112607.3,1752163200000,112651.9,1,0,0
1752192000000,0.0001,1752192000000,115564.9,1752192000000,115584.3,1,0,0
1752220800000,0.0001,1752220800000,117970.3,1752220800000,117970.0,1,0,0
1752249600000,0.0001,1752249600000,117400.4,1752249600000,117403.1,1,0,0
1752278400000,0.0001,1752278400000,117396.6,1752278400000,117421.9,1,0,0
1752307200000,0.0001,1752307200000,117893.8,1752307200000,117928.1,1,0,0
1752336000000,0.0001,1752336000000,117167.6,1752336000000,117198.0,1,0,0
1752364800000,0.0001,1752364800000,117266.1,1752364800000,117317.1,1,0,0
1752393600000,8.84800306931e-05,1752393600000,117861.0,1752393600000,117904.0,1,0,0
1752422400000,0.0001,1752422400000,118474.3,1752422400000,118519.7,1,0,0
1752451200000,0.0001,1752451200000,119040.8,1752451200000,119078.1,1,0,0
1752480000000,0.0001,1752480000000,122587.2,1752480000000,122562.0,1,0,0
1752508800000,0.0001,1752508800000,120310.4,1752508800000,120270.5,1,0,0
1752537600000,0.0001,1752537600000,119484.0,1752537600000,119497.9,1,0,0
1752566400000,0.0001,1752566400000,116831.2,1752566400000,116762.6,1,0,0
1752595200000,0.0001,1752595200000,117219.0,1752595200000,117183.9,1,0,0
1752624000000,0.0001,1752624000000,118144.1,1752624000000,118115.9,1,0,0
1752652800000,0.0001,1752652800000,118724.1,1752652800000,118707.0,1,0,0
1752681600000,0.0001,1752681600000,119300.3,1752681600000,119292.1,1,0,0
1752710400000,0.0001,1752710400000,118904.4,1752710400000,118889.3,1,0,0
1752739200000,0.0001,1752739200000,118378.1,1752739200000,118341.0,1,0,0
1752768000000,0.0001,1752768000000,118620.7,1752768000000,118561.1,1,0,0
1752796800000,0.0001,1752796800000,119787.7,1752796800000,119754.0,1,0,0
1752825600000,0.0001,1752825600000,118688.4,1752825600000,118630.9,1,0,0
1752854400000,0.0001,1752854400000,117591.5,1752854400000,117552.0,1,0,0
1752883200000,0.0001,1752883200000,117805.5,1752883200000,117744.0,1,0,0
1752912000000,0.0001,1752912000000,118145.0,1752912000000,118106.0,1,0,0
1752940800000,0.0001,1752940800000,118002.4,1752940800000,117977.6,1,0,0
1752969600000,0.0001,1752969600000,117964.2,1752969600000,117942.8,1,0,0
1752998400000,0.0001,1752998400000,118209.4,1752998400000,118162.9,1,0,0
1753027200000,0.0001,1753027200000,118626.0,1753027200000,118572.6,1,0,0
1753056000000,0.0001,1753056000000,117399.1,1753056000000,117353.7,1,0,0
1753084800000,0.0001,1753084800000,119093.4,1753084800000,119012.2,1,0,0
1753113600000,0.0001200283969329,1753113600000,117828.2,1753113600000,117743.9,1,0,0
1753142400000,0.0001,1753142400000,117163.6,1753142400000,117121.7,1,0,0
1753171200000,0.0001,1753171200000,118370.9,1753171200000,118299.9,1,0,0
1753200000000,0.0001835000980689,1753200000000,118764.9,1753200000000,118686.0,1,0,0
1753228800000,0.0001604294885981,1753228800000,119640.6,1753228800000,119552.9,1,0,0
1753257600000,0.0001,1753257600000,118457.0,1753257600000,118424.9,1,0,0
1753286400000,0.0001,1753286400000,117756.8,1753286400000,117724.0,1,0,0
1753315200000,0.0001,1753315200000,119106.6,1753315200000,119057.5,1,0,0
1753344000000,0.0001,1753344000000,118808.5,1753344000000,118772.0,1,0,0
1753372800000,0.0001,1753372800000,118585.9,1753372800000,118536.0,1,0,0
1753401600000,0.0001,1753401600000,117705.5,1753401600000,117675.0,1,0,0
1753430400000,0.0001,1753430400000,115234.9,1753430400000,115192.1,1,0,0
1753459200000,0.0001,1753459200000,116194.1,1753459200000,116182.0,1,0,0
1753488000000,0.0001,1753488000000,117521.9,1753488000000,117500.0,1,0,0
1753516800000,0.0001,1753516800000,117565.8,1753516800000,117574.0,1,0,0
1753545600000,0.0001,1753545600000,118083.1,1753545600000,118069.9,1,0,0
1753574400000,0.0001,1753574400000,117950.9,1753574400000,117946.2,1,0,0
1753603200000,0.0001,1753603200000,117955.1,1753603200000,117950.0,1,0,0
1753632000000,0.0001,1753632000000,119139.2,1753632000000,119103.5,1,0,0
1753660800000,0.0001,1753660800000,119288.6,1753660800000,119258.2,1,0,0
1753689600000,0.0001,1753689600000,119101.7,1753689600000,119066.1,1,0,0
1753718400000,0.0001,1753718400000,118041.3,1753718400000,118019.3,1,0,0
1753747200000,0.0001,1753747200000,117998.9,1753747200000,117979.9,1,0,0
1753776000000,0.0001,1753776000000,118953.3,1753776000000,118932.0,1,0,0
1753804800000,0.0001,1753804800000,117730.7,1753804800000,117739.8,1,0,0
1753833600000,0.0001,1753833600000,117740.8,1753833600000,117746.0,1,0,0
1753862400000,0.0001,1753862400000,118357.2,1753862400000,118368.0,1,0,0
1753891200000,0.0001,1753891200000,117732.6,1753891200000,117746.7,1,0,0
1753920000000,0.0001,1753920000000,118381.1,1753920000000,118413.8,1,0,0
1753948800000,0.0001,1753948800000,118590.5,1753948800000,118596.1,1,0,0
1753977600000,0.0001,1753977600000,118510.1,1753977600000,118535.6,1,0,0
1754006400000,0.0001,1754006400000,115363.0,1754006400000,115419.1,1,0,0
1754035200000,6.13452905733e-05,1754035200000,114575.9,1754035200000,114609.9,1,0,0
1754064000000,7.79868203568e-05,1754064000000,114969.7,1754064000000,115004.1,1,0,0
1754092800000,0.0001,1754092800000,113771.4,1754092800000,113815.0,1,0,0
1754121600000,4.68713268359e-05,1754121600000,113630.3,1754121600000,113688.0,1,0,0
1754150400000,0.0001,1754150400000,113162.1,1754150400000,113197.9,1,0,0
1754179200000,0.0001,1754179200000,112885.7,1754179200000,112940.5,1,0,0
1754208000000,1.26951686887e-05,1754208000000,113646.4,1754208000000,113685.9,1,0,0
1754236800000,5.23547394566e-05,1754236800000,113953.3,1754236800000,113987.8,1,0,0
1754265600000,4.52659979921e-05,1754265600000,114872.3,1754265600000,114909.8,1,0,0
1754294400000,0.0001,1754294400000,114508.9,1754294400000,114553.3,1,0,0
1754323200000,0.0001,1754323200000,115259.7,1754323200000,115298.9,1,0,0
1754352000000,0.0001,1754352000000,114853.9,1754352000000,114888.8,1,0,0
1754380800000,0.0001,1754380800000,114249.2,1754380800000,114291.0,1,0,0
1754409600000,7.84147344761e-05,1754409600000,113141.4,1754409600000,113176.7,1,0,0
1754438400000,0.0001,1754438400000,113854.7,1754438400000,113890.6,1,0,0
1754467200000,6.18819120163e-05,1754467200000,113900.0,1754467200000,113943.1,1,0,0
1754496000000,8.64430613779e-05,1754496000000,115092.4,1754496000000,115137.9,1,0,0
1754524800000,1.67465628521e-05,1754524800000,114856.0,1754524800000,114904.9,1,0,0
1754553600000,0.0001,1754553600000,114911.1,1754553600000,114958.1,1,0,0
1754582400000,0.0001,1754582400000,116209.9,1754582400000,116266.0,1,0,0
1754611200000,0.0001,1754611200000,117230.6,1754611200000,117274.1,1,0,0
1754640000000,8.66155092737e-05,1754640000000,116575.9,1754640000000,116620.0,1,0,0
1754668800000,0.0001,1754668800000,116154.1,1754668800000,116204.9,1,0,0
1754697600000,7.62015356961e-05,1754697600000,116543.7,1754697600000,116588.0,1,0,0
1754726400000,0.0001,1754726400000,117072.2,1754726400000,117099.9,1,0,0
1754755200000,0.0001,1754755200000,116609.3,1754755200000,116635.4,1,0,0
1754784000000,0.0001,1754784000000,116722.2,1754784000000,116746.0,1,0,0
1754812800000,0.0001,1754812800000,118317.9,1754812800000,118300.0,1,0,0
1754841600000,0.0001,1754841600000,118641.7,1754841600000,118655.2,1,0,0
1754870400000,0.0001,1754870400000,119111.5,1754870400000,119124.1,1,0,0
1754899200000,0.0001,1754899200000,121695.0,1754899200000,121682.7,1,0,0
1754928000000,0.0001,1754928000000,119935.7,1754928000000,119939.5,1,0,0
1754956800000,0.0001,1754956800000,118930.0,1754956800000,118960.0,1,0,0
1754985600000,0.0001,1754985600000,118807.7,1754985600000,118818.0,1,0,0
1755014400000,0.0001,1755014400000,119602.3,1755014400000,119643.4,1,0,0
1755043200000,0.0001,1755043200000,119703.6,1755043200000,119710.1,1,0,0
1755072000000,0.0001,1755072000000,120049.9,1755072000000,120050.9,1,0,0
1755100800000,0.0001,1755100800000,121456.9,1755100800000,121433.8,1,0,0
1755129600000,0.0001,1755129600000,123912.3,1755129600000,123876.2,1,0,0
1755158400000,0.0001,1755158400000,121682.5,1755158400000,121632.8,1,0,0
1755187200000,0.0001,1755187200000,117858.8,1755187200000,117870.9,1,0,0
1755216000000,0.0001,1755216000000,118150.1,1755216000000,118181.2,1,0,0
1755244800000,0.0001,1755244800000,118866.6,1755244800000,118882.1,1,0,0
1755273600000,0.0001,1755273600000,117306.8,1755273600000,117345.8,1,0,0
1755302400000,4.85042249884e-05,1755302400000,117683.6,1755302400000,117733.5,1,0,0
1755331200000,9.63406866335e-05,1755331200000,117582.5,1755331200000,117616.1,1,0,0
1755360000000,0.0001,1755360000000,117696.0,1755360000000,117755.8,1,0,0
1755388800000,3.38648369538e-05,1755388800000,117198.7,1755388800000,117256.0,1,0,0
1755417600000,2.71023628584e-05,1755417600000,118312.0,1755417600000,118361.8,1,0,0
1755446400000,8.13313916158e-05,1755446400000,117784.0,1755446400000,117831.9,1,0,0
1755475200000,4.9730324728e-06,1755475200000,117232.5,1755475200000,117300.0,1,0,0
1755504000000,7.3081596415e-06,1755504000000,115091.7,1755504000000,115140.4,1,0,0
1755532800000,0.0001,1755532800000,115904.0,1755532800000,115965.2,1,0,0
1755561600000,0.0001,1755561600000,116527.9,1755561600000,116570.1,1,0,0
1755590400000,0.0001,1755590400000,115149.3,1755590400000,115192.1,1,0,0
1755619200000,7.34451158406e-05,1755619200000,113326.9,1755619200000,113380.2,1,0,0
1755648000000,2.74361330908e-05,1755648000000,113169.0,1755648000000,113209.8,1,0,0
1755676800000,0.0001,1755676800000,113973.9,1755676800000,114015.5,1,0,0
1755705600000,0.0001,1755705600000,113817.4,1755705600000,113859.8,1,0,0
1755734400000,0.0001,1755734400000,114245.4,1755734400000,114294.1,1,0,0
1755763200000,0.0001,1755763200000,113545.3,1755763200000,113564.8,1,0,0
1755792000000,0.0001,1755792000000,112343.1,1755792000000,112381.3,1,0,0
1755820800000,0.0001,1755820800000,112612.2,1755820800000,112636.9,1,0,0
1755849600000,0.0001,1755849600000,112946.2,1755849600000,112974.5,1,0,0
1755878400000,0.0001,1755878400000,116121.1,1755878400000,116139.0,1,0,0
1755907200000,0.0001,1755907200000,116844.8,1755907200000,116865.5,1,0,0
1755936000000,0.0001,1755936000000,115730.4,1755936000000,115744.8,1,0,0
1755964800000,0.0001,1755964800000,114974.8,1755964800000,115017.2,1,0,0
1755993600000,0.0001,1755993600000,115347.4,1755993600000,115379.3,1,0,0
1756022400000,0.0001,1756022400000,114826.6,1756022400000,114841.2,1,0,0
1756051200000,0.0001,1756051200000,114249.3,1756051200000,114271.5,1,0,0
1756080000000,0.0001,1756080000000,112607.4,1756080000000,112646.7,1,0,0
1756108800000,0.0001,1756108800000,111378.9,1756108800000,111422.5,1,0,0
1756137600000,0.0001,1756137600000,112475.5,1756137600000,112508.0,1,0,0
1756166400000,0.0001,1756166400000,109049.4,1756166400000,109100.1,1,0,0
1756195200000,6.61207889198e-05,1756195200000,110047.9,1756195200000,110094.1,1,0,0
1756224000000,0.0001,1756224000000,110130.1,1756224000000,110152.7,1,0,0
1756252800000,0.0001,1756252800000,111310.6,1756252800000,111356.7,1,0,0
1756281600000,8.50143326403e-05,1756281600000,110714.6,1756281600000,110751.0,1,0,0
1756310400000,5.01214998157e-05,1756310400000,112067.0,1756310400000,112116.4,1,0,0
1756339200000,0.0001,1756339200000,111299.9,1756339200000,111342.0,1,0,0
1756368000000,0.0001,1756368000000,113095.3,1756368000000,113128.1,1,0,0
1756396800000,0.0001,1756396800000,112281.4,1756396800000,112332.0,1,0,0
1756425600000,0.0001,1756425600000,112172.8,1756425600000,112202.0,1,0,0
1756454400000,8.92469381918e-05,1756454400000,109565.9,1756454400000,109611.9,1,0,0
1756483200000,3.28287759596e-05,1756483200000,108667.6,1756483200000,108704.6,1,0,0
1756512000000,7.79247075637e-05,1756512000000,108262.1,1756512000000,108295.7,1,0,0
1756540800000,0.0001,1756540800000,108529.5,1756540800000,108580.5,1,0,0
1756569600000,8.15183153695e-05,1756569600000,108768.1,1756569600000,108818.8,1,0,0
1756598400000,8.61932302854e-05,1756598400000,109342.3,1756598400000,109398.0,1,0,0
1756627200000,6.64022487726e-05,1756627200000,108960.8,1756627200000,109013.9,1,0,0
1756656000000,8.13744388902e-05,1756656000000,108884.9,1756656000000,108921.6,1,0,0
1756684800000,5.82630671561e-05,1756684800000,108166.4,1756684800000,108220.0,1,0,0
1756713600000,0.0001,1756713600000,109551.2,1756713600000,109593.4,1,0,0
1756742400000,9.91506161732e-05,1756742400000,108737.5,1756742400000,108775.2,1,0,0
1756771200000,5.56310360563e-05,1756771200000,108995.2,1756771200000,109021.6,1,0,0
1756800000000,0.0001,1756800000000,110323.5,1756800000000,110350.7,1,0,0
1756828800000,9.27877513491e-05,1756828800000,110738.7,1756828800000,110779.7,1,0,0
1756857600000,4.70097462316e-05,1756857600000,111276.4,1756857600000,111329.9,1,0,0
1756886400000,1.52120848989e-05,1756886400000,110964.4,1756886400000,111015.9,1,0,0
1756915200000,4.19306777322e-05,1756915200000,111816.7,1756915200000,111860.3,1,0,0
1756944000000,6.88573902237e-05,1756944000000,112007.4,1756944000000,112070.0,1,0,0
1756972800000,8.49995788265e-05,1756972800000,110593.2,1756972800000,110647.0,1,0,0
1757001600000,3.49954753957e-05,1757001600000,109383.3,1757001600000,109425.7,1,0,0
1757030400000,2.25081536311e-05,1757030400000,110424.1,1757030400000,110456.1,1,0,0
1757059200000,7.70978698535e-05,1757059200000,112588.7,1757059200000,112622.1,1,0,0
1757088000000,0.0001,1757088000000,110760.4,1757088000000,110818.8,1,0,0
1757116800000,4.79769299047e-05,1757116800000,110746.3,1757116800000,110794.1,1,0,0
1757145600000,6.35105037768e-05,1757145600000,110905.2,1757145600000,110945.5,1,0,0
1757174400000,9.43263961208e-05,1757174400000,110219.4,1757174400000,110275.0,1,0,0
1757203200000,5.63303988929e-05,1757203200000,110302.7,1757203200000,110362.0,1,0,0
1757232000000,7.18048999039e-05,1757232000000,111010.2,1757232000000,111066.2,1,0,0
1757260800000,5.7967828589e-05,1757260800000,111163.5,1757260800000,111200.0,1,0,0
1757289600000,4.84715992901e-05,1757289600000,110781.9,1757289600000,110831.6,1,0,0
1757318400000,1.58947402445e-05,1757318400000,111646.2,1757318400000,111678.0,1,0,0
1757347200000,0.0001,1757347200000,112368.9,1757347200000,112397.1,1,0,0
1757376000000,0.0001,1757376000000,111614.8,1757376000000,111653.0,1,0,0
1757404800000,0.0001,1757404800000,112964.1,1757404800000,112993.5,1,0,0
1757433600000,0.0001,1757433600000,110914.0,1757433600000,110958.1,1,0,0
1757462400000,7.08087151652e-05,1757462400000,110978.7,1757462400000,111012.0,1,0,0
1757491200000,0.0001,1757491200000,112341.5,1757491200000,112374.1,1,0,0
1757520000000,0.0001,1757520000000,113734.6,1757520000000,113768.8,1,0,0
1757548800000,2.853755477e-06,1757548800000,113846.3,1757548800000,113888.7,1,0,0
1757577600000,4.58342409572e-05,1757577600000,113997.0,1757577600000,114041.9,1,0,0
1757606400000,5.20636832953e-05,1757606400000,114429.3,1757606400000,114492.1,1,0,0
1757635200000,2.508049308e-05,1757635200000,115794.6,1757635200000,115838.0,1,0,0
1757664000000,0.0001,1757664000000,115012.1,1757664000000,115059.8,1,0,0
1757692800000,0.0001,1757692800000,115437.2,1757692800000,115495.1,1,0,0
1757721600000,1.1501912269e-05,1757721600000,116157.8,1757721600000,116203.5,1,0,0
1757750400000,0.0001,1757750400000,115960.1,1757750400000,115980.0,1,0,0
1757779200000,0.0001,1757779200000,115313.7,1757779200000,115344.8,1,0,0
1757808000000,0.0001,1757808000000,115899.6,1757808000000,115937.0,1,0,0
1757836800000,0.0001,1757836800000,115897.3,1757836800000,115935.6,1,0,0
1757865600000,0.0001,1757865600000,115445.1,1757865600000,115482.0,1,0,0
1757894400000,0.0001,1757894400000,115033.4,1757894400000,115073.1,1,0,0
1757923200000,9.01101859163e-05,1757923200000,114676.1,1757923200000,114742.7,1,0,0
1757952000000,-1.24198069316e-05,1757952000000,114616.2,1757952000000,114663.8,1,0,0
1757980800000,-9.1083321659e-06,1757980800000,115033.0,1757980800000,115082.1,1,0,0
1758009600000,8.00200923816e-05,1758009600000,115624.4,1758009600000,115666.0,1,0,0
1758038400000,2.09199024356e-05,1758038400000,116039.0,1758038400000,116073.0,1,0,0
1758067200000,9.83312646606e-05,1758067200000,116518.6,1758067200000,116564.0,1,0,0
1758096000000,3.09550649311e-05,1758096000000,116808.2,1758096000000,116859.2,1,0,0
1758124800000,8.14392305402e-05,1758124800000,115587.7,1758124800000,115651.0,1,0,0
1758153600000,8.89292456984e-05,1758153600000,116306.7,1758153600000,116347.0,1,0,0
1758182400000,0.0001,1758182400000,117212.2,1758182400000,117246.2,1,0,0
1758211200000,0.0001,1758211200000,117518.7,1758211200000,117568.2,1,0,0
1758240000000,4.61851699493e-05,1758240000000,117372.9,1758240000000,117431.7,1,0,0
1758268800000,4.80113475217e-05,1758268800000,116862.8,1758268800000,116917.7,1,0,0
1758297600000,7.84399069955e-05,1758297600000,116024.7,1758297600000,116089.9,1,0,0
1758326400000,8.581228578e-06,1758326400000,115663.0,1758326400000,115729.4,1,0,0
1758355200000,-4.49908736e-06,1758355200000,115640.5,1758355200000,115700.0,1,0,0
1758384000000,-8.3462481017e-06,1758384000000,115969.5,1758384000000,116032.0,1,0,0
1758412800000,-6.04751836386e-05,1758412800000,115582.6,1758412800000,115649.9,1,0,0
1758441600000,8.1557067236e-06,1758441600000,115579.9,1758441600000,115636.0,1,0,0
1758470400000,4.64361467578e-05,1758470400000,115277.4,1758470400000,115329.7,1,0,0
1758499200000,3.36085197974e-05,1758499200000,114342.8,1758499200000,114400.0,1,0,0
1758528000000,-3.87172163687e-05,1758528000000,112566.0,1758528000000,112627.5,1,0,0
1758556800000,-1.0121974008e-06,1758556800000,112556.5,1758556800000,112614.9,1,0,0
1758585600000,7.9583959544e-05,1758585600000,112350.6,1758585600000,112398.1,1,0,0
1758614400000,3.22190977896e-05,1758614400000,113064.7,1758614400000,113130.2,1,0,0
1758643200000,-2.4000737162e-06,1758643200000,112764.6,1758643200000,112817.5,1,0,0
1758672000000,3.80389885397e-05,1758672000000,112172.5,1758672000000,112224.0,1,0,0
1758700800000,3.21526554476e-05,1758700800000,112575.5,1758700800000,112619.1,1,0,0
1758729600000,-1.38496700414e-05,1758729600000,113656.0,1758729600000,113726.0,1,0,0
1758758400000,-0.0001035366709803,1758758400000,113018.2,1758758400000,113051.1,1,0,0
1758787200000,6.80220613905e-05,1758787200000,111682.7,1758787200000,111732.0,1,0,0
1758816000000,6.6725642393e-05,1758816000000,110909.6,1758816000000,110955.0,1,0,0
1758844800000,2.88955042256e-05,1758844800000,109419.0,1758844800000,109472.1,1,0,0
1758873600000,-1.33862398617e-05,1758873600000,109513.9,1758873600000,109567.2,1,0,0
1758902400000,8.14539567679e-05,1758902400000,109403.3,1758902400000,109452.4,1,0,0
1758931200000,9.2253893848e-06,1758931200000,109588.7,1758931200000,109652.0,1,0,0
1758960000000,-2.3897271378e-05,1758960000000,109195.0,1758960000000,109254.1,1,0,0
1758988800000,1.96412930037e-05,1758988800000,109329.3,1758988800000,109383.8,1,0,0
1759017600000,-5.0659947473e-05,1759017600000,109554.2,1759017600000,109611.0,1,0,0
1759046400000,3.37994508028e-05,1759046400000,109452.9,1759046400000,109514.4,1,0,0
1759075200000,6.32676962919e-05,1759075200000,110162.0,1759075200000,110220.7,1,0,0
1759104000000,-2.24166004983e-05,1759104000000,112205.0,1759104000000,112258.0,1,0,0
1759132800000,2.92853460455e-05,1759132800000,112044.5,1759132800000,112105.2,1,0,0
1759161600000,2.18890230514e-05,1759161600000,113597.0,1759161600000,113622.0,1,0,0
1759190400000,3.71049299537e-05,1759190400000,114471.1,1759190400000,114521.0,1,0,0
1759219200000,0.0001,1759219200000,113417.8,1759219200000,113448.0,1,0,0
1759248000000,4.35227821262e-05,1759248000000,112798.6,1759248000000,112841.4,1,0,0
1759276800000,4.15423175526e-05,1759276800000,114185.3,1759276800000,114236.5,1,0,0
1759305600000,6.64887042417e-05,1759305600000,116061.0,1759305600000,116118.0,1,0,0
1759334400000,5.6141693506e-05,1759334400000,117492.9,1759334400000,117536.1,1,0,0
1759363200000,0.0001,1759363200000,118416.3,1759363200000,118440.2,1,0,0
1759392000000,0.0001,1759392000000,118645.8,1759392000000,118666.7,1,0,0
1759420800000,0.0001,1759420800000,119704.4,1759420800000,119740.1,1,0,0
1759449600000,1.71255780752e-05,1759449600000,120096.3,1759449600000,120147.2,1,0,0
1759478400000,0.0001,1759478400000,120021.1,1759478400000,120051.1,1,0,0
1759507200000,0.0001,1759507200000,122517.4,1759507200000,122560.0,1,0,0
1759536000000,6.67325012209e-05,1759536000000,122078.0,1759536000000,122114.5,1,0,0
1759564800000,0.0001,1759564800000,122212.8,1759564800000,122279.9,1,0,0
1759593600000,4.0116404144e-05,1759593600000,121687.5,1759593600000,121723.1,1,0,0
1759622400000,0.0001,1759622400000,122110.9,1759622400000,122158.5,1,0,0
1759651200000,0.0001,1759651200000,124599.9,1759651200000,124602.0,1,0,0
1759680000000,6.45955798541e-05,1759680000000,123236.4,1759680000000,123274.0,1,0,0
1759708800000,0.0001,1759708800000,123309.1,1759708800000,123355.1,1,0,0
1759737600000,6.24518666953e-05,1759737600000,123793.8,1759737600000,123864.9,1,0,0
1759766400000,0.0001,1759766400000,125429.4,1759766400000,125459.5,1,0,0
1759795200000,0.0001,1759795200000,124847.5,1759795200000,124899.1,1,0,0
1759824000000,4.29417997059e-05,1759824000000,123806.4,1759824000000,123859.1,1,0,0
1759852800000,0.0001,1759852800000,121658.4,1759852800000,121694.9,1,0,0
1759881600000,3.86570430827e-05,1759881600000,121859.7,1759881600000,121908.0,1,0,0
1759910400000,0.0001,1759910400000,122327.0,1759910400000,122389.0,1,0,0
1759939200000,2.16847031279e-05,1759939200000,122995.9,1759939200000,123048.8,1,0,0
1759968000000,1.7896600272e-05,1759968000000,122780.4,1759968000000,122844.2,1,0,0
1759996800000,-4.0910449446e-06,1759996800000,121215.0,1759996800000,121264.0,1,0,0
1760025600000,6.69219128379e-05,1760025600000,119768.0,1760025600000,119825.0,1,0,0
1760054400000,0.0001,1760054400000,121694.4,1760054400000,121751.0,1,0,0
1760083200000,0.0001,1760083200000,121567.8,1760083200000,121617.5,1,0,0
1760112000000,4.9590713208e-05,1760112000000,118143.0,1760112000000,118211.0,1,0,0
1760140800000,-0.00050509797655,1760140800000,112474.1,1760140800000,112489.1,1,0,0
1760169600000,0.0001,1760169600000,111316.7,1760169600000,111323.6,1,0,0
1760198400000,0.0001,1760198400000,111838.6,1760198400000,111853.9,1,0,0
1760227200000,0.0001,1760227200000,109631.0,1760227200000,109664.9,1,0,0
1760256000000,7.9983520568e-05,1760256000000,111253.6,1760256000000,111308.0,1,0,0
1760284800000,2.92152517062e-05,1760284800000,114030.8,1760284800000,114082.0,1,0,0
1760313600000,5.9661536328e-06,1760313600000,115225.1,1760313600000,115280.1,1,0,0
1760342400000,7.73188132622e-05,1760342400000,115196.6,1760342400000,115264.7,1,0,0
1760371200000,4.72671451613e-05,1760371200000,114608.4,1760371200000,114670.0,1,0,0
1760400000000,4.68274121292e-05,1760400000000,114915.8,1760400000000,114972.0,1,0,0
1760428800000,7.08063647784e-05,1760428800000,111755.6,1760428800000,111809.7,1,0,0
1760457600000,1.451046899e-07,1760457600000,112276.6,1760457600000,112342.4,1,0,0
1760486400000,6.17932781007e-05,1760486400000,112941.4,1760486400000,112994.4,1,0,0
1760515200000,7.33825115214e-05,1760515200000,112897.5,1760515200000,112950.0,1,0,0
1760544000000,4.77458074397e-05,1760544000000,110687.5,1760544000000,110756.0,1,0,0
1760572800000,-1.32709606203e-05,1760572800000,110396.1,1760572800000,110442.2,1,0,0
1760601600000,-1.86052091159e-05,1760601600000,110757.3,1760601600000,110814.1,1,0,0
1760630400000,5.9933766917e-06,1760630400000,109156.9,1760630400000,109237.4,1,0,0
1760659200000,2.10230551403e-05,1760659200000,108736.7,1760659200000,108799.9,1,0,0
1760688000000,3.02194591068e-05,1760688000000,104832.5,1760688000000,104882.7,1,0,0
1760716800000,2.25259268474e-05,1760716800000,106317.1,1760716800000,106377.1,1,0,0
1760745600000,-4.42512565269e-05,1760745600000,106784.2,1760745600000,106849.9,1,0,0
1760774400000,6.9041376423e-06,1760774400000,106686.4,1760774400000,106723.5,1,0,0
1760803200000,-5.41252201146e-05,1760803200000,106602.4,1760803200000,106654.1,1,0,0
1760832000000,-4.35891005759e-05,1760832000000,106838.7,1760832000000,106892.5,1,0,0
1760860800000,-1.67838206472e-05,1760860800000,106402.9,1760860800000,106448.9,1,0,0
1760889600000,-1.02925571337e-05,1760889600000,108573.1,1760889600000,108627.0,1,0,0
1760918400000,1.22179358928e-05,1760918400000,108019.6,1760918400000,108058.7,1,0,0
1760947200000,-3.7521438921e-06,1760947200000,111049.1,1760947200000,111096.7,1,0,0
1760976000000,3.87779059402e-05,1760976000000,110630.7,1760976000000,110682.1,1,0,0
1761004800000,9.0185681711e-06,1761004800000,110394.5,1761004800000,110451.0,1,0,0
1761033600000,7.58427334556e-05,1761033600000,107649.3,1761033600000,107698.6,1,0,0
1761062400000,4.26546950883e-05,1761062400000,112521.4,1761062400000,112576.7,1,0,0
1761091200000,0.0001,1761091200000,107932.2,1761091200000,107987.7,1,0,0
1761120000000,-2.56449996513e-05,1761120000000,108162.5,1761120000000,108224.9,1,0,0
1761148800000,1.43167070454e-05,1761148800000,108173.9,1761148800000,108225.0,1,0,0
1761177600000,8.25812211716e-05,1761177600000,107809.8,1761177600000,107865.5,1,0,0
1761206400000,4.15846074772e-05,1761206400000,109463.4,1761206400000,109507.8,1,0,0
1761235200000,4.29932201282e-05,1761235200000,110200.1,1761235200000,110253.1,1,0,0
1761264000000,-8.6364236902e-06,1761264000000,110438.4,1761264000000,110503.1,1,0,0
1761292800000,5.00709346333e-05,1761292800000,111060.3,1761292800000,111098.3,1,0,0
1761321600000,1.55367462775e-05,1761321600000,110208.9,1761321600000,110258.4,1,0,0
1761350400000,-2.53998741815e-05,1761350400000,110719.2,1761350400000,110770.9,1,0,0
1761379200000,3.8224703964e-05,1761379200000,111714.3,1761379200000,111768.1,1,0,0
1761408000000,1.97285420459e-05,1761408000000,111324.2,1761408000000,111379.0,1,0,0
1761436800000,-1.17483110448e-05,1761436800000,111667.8,1761436800000,111720.6,1,0,0
1761465600000,1.01631439833e-05,1761465600000,111730.0,1761465600000,111773.4,1,0,0
1761494400000,6.77562407709e-05,1761494400000,113473.0,1761494400000,113506.6,1,0,0
1761523200000,8.40142543229e-05,1761523200000,114722.3,1761523200000,114770.9,1,0,0
1761552000000,5.03211470478e-05,1761552000000,114988.8,1761552000000,115025.0,1,0,0
1761580800000,6.85572608467e-05,1761580800000,115427.5,1761580800000,115488.8,1,0,0
1761609600000,9.21788987883e-05,1761609600000,113932.4,1761609600000,113971.0,1,0,0
1761638400000,8.72978810723e-05,1761638400000,114352.1,1761638400000,114428.0,1,0,0
1761667200000,3.51414811064e-05,1761667200000,115305.8,1761667200000,115346.7,1,0,0
1761696000000,2.63736420873e-05,1761696000000,112361.1,1761696000000,112430.0,1,0,0
1761724800000,-8.46800439742e-05,1761724800000,113013.3,1761724800000,113052.0,1,0,0
1761753600000,7.05834524477e-05,1761753600000,111068.1,1761753600000,111115.4,1,0,0
1761782400000,-7.4338298544e-06,1761782400000,110513.6,1761782400000,110572.7,1,0,0
1761811200000,-1.5992465571e-06,1761811200000,110644.4,1761811200000,110704.1,1,0,0
1761840000000,3.18389134115e-05,1761840000000,108088.2,1761840000000,108140.4,1,0,0
1761868800000,2.13834465324e-05,1761868800000,109263.6,1761868800000,109321.8,1,0,0
1761897600000,-1.55019983637e-05,1761897600000,110018.6,1761897600000,110041.2,1,0,0
1761926400000,1.62698570888e-05,1761926400000,108778.6,1761926400000,108829.8,1,0,0
1761955200000,8.585506063e-06,1761955200000,109676.7,1761955200000,109726.9,1,0,0
1761984000000,-1.6899516073e-05,1761984000000,110189.2,1761984000000,110238.0,1,0,0
1762012800000,5.55605799215e-05,1762012800000,110418.6,1762012800000,110462.3,1,0,0
1762041600000,5.22212010509e-05,1762041600000,109933.0,1762041600000,109970.3,1,0,0
1762070400000,5.85517753112e-05,1762070400000,110805.0,1762070400000,110840.5,1,0,0
1762099200000,3.20912292502e-05,1762099200000,110058.8,1762099200000,110120.0,1,0,0
1762128000000,4.56077884426e-05,1762128000000,109702.9,1762128000000,109769.9,1,0,0
1762156800000,7.31519084101e-05,1762156800000,107550.4,1762156800000,107591.9,1,0,0
1762185600000,2.67288924878e-05,1762185600000,106620.9,1762185600000,106677.8,1,0,0
1762214400000,4.04735864738e-05,1762214400000,106431.6,1762214400000,106474.9,1,0,0
1762243200000,5.84665104018e-05,1762243200000,104021.8,1762243200000,104058.1,1,0,0
1762272000000,6.61997790086e-05,1762272000000,102218.2,1762272000000,102256.2,1,0,0
1762300800000,6.4991693472e-05,1762300800000,100521.5,1762300800000,100570.1,1,0,0
1762329600000,8.42147994619e-05,1762329600000,101655.9,1762329600000,101698.7,1,0,0
1762358400000,4.51297573925e-05,1762358400000,103878.5,1762358400000,103929.6,1,0,0
1762387200000,1.57168294851e-05,1762387200000,103629.0,1762387200000,103688.2,1,0,0
1762416000000,0.0001,1762416000000,103174.0,1762416000000,103212.9,1,0,0
1762444800000,4.54143090428e-05,1762444800000,100813.9,1762444800000,100871.2,1,0,0
1762473600000,5.0279459665e-05,1762473600000,101434.5,1762473600000,101484.6,1,0,0
1762502400000,7.14869537633e-05,1762502400000,101461.4,1762502400000,101500.0,1,0,0
1762531200000,5.59176142399e-05,1762531200000,101110.1,1762531200000,101170.1,1,0,0
1762560000000,2.9557650032e-05,1762560000000,102654.9,1762560000000,102708.6,1,0,0
1762588800000,5.58312624923e-05,1762588800000,102383.1,1762588800000,102436.8,1,0,0
1762617600000,6.49692316699e-05,1762617600000,101807.3,1762617600000,101862.9,1,0,0
1762646400000,4.12149216987e-05,1762646400000,101760.8,1762646400000,101799.9,1,0,0
1762675200000,1.30848727424e-05,1762675200000,101934.6,1762675200000,101975.0,1,0,0
1762704000000,4.25034396972e-05,1762704000000,103800.2,1762704000000,103846.5,1,0,0
1762732800000,3.8809398772e-05,1762732800000,106262.0,1762732800000,106298.8,1,0,0
1762761600000,6.06213749321e-05,1762761600000,105936.0,1762761600000,105978.5,1,0,0
1762790400000,5.82994288523e-05,1762790400000,105202.0,1762790400000,105250.1,1,0,0
1762819200000,5.143721726e-06,1762819200000,106081.4,1762819200000,106132.1,1,0,0
1762848000000,1.97305330865e-05,1762848000000,105114.4,1762848000000,105162.1,1,0,0
1762876800000,9.85783046857e-05,1762876800000,103378.9,1762876800000,103423.2,1,0,0
1762905600000,7.24146262535e-05,1762905600000,102838.2,1762905600000,102899.7,1,0,0
1762934400000,4.2007594773e-06,1762934400000,104100.8,1762934400000,104153.0,1,0,0
1762963200000,5.27526927111e-05,1762963200000,101390.1,1762963200000,101449.9,1,0,0
1762992000000,-1.41044347494e-05,1762992000000,101814.8,1762992000000,101865.3,1,0,0
1763020800000,4.87123992611e-05,1763020800000,103620.8,1763020800000,103675.7,1,0,0
1763049600000,5.78386210321e-05,1763049600000,100585.4,1763049600000,100635.5,1,0,0
1763078400000,2.61802815236e-05,1763078400000,98945.8,1763078400000,98981.0,1,0,0
1763107200000,1.88199535677e-05,1763107200000,97325.5,1763107200000,97374.3,1,0,0
1763136000000,6.69129087792e-05,1763136000000,96961.2,1763136000000,97020.0,1,0,0
1763164800000,4.80162396011e-05,1763164800000,95108.5,1763164800000,95147.0,1,0,0
1763193600000,1.44273059268e-05,1763193600000,95884.1,1763193600000,95912.7,1,0,0
1763222400000,1.56113710552e-05,1763222400000,96119.5,1763222400000,96153.7,1,0,0
1763251200000,2.16064053648e-05,1763251200000,95318.0,1763251200000,95375.1,1,0,0
1763280000000,3.5513956278e-06,1763280000000,96067.8,1763280000000,96107.0,1,0,0
1763308800000,9.25527904674e-05,1763308800000,94184.9,1763308800000,94231.2,1,0,0
1763337600000,8.97052724139e-05,1763337600000,95264.0,1763337600000,95305.0,1,0,0
1763366400000,0.0001,1763366400000,95572.3,1763366400000,95622.1,1,0,0
1763395200000,5.72812005786e-05,1763395200000,94267.0,1763395200000,94304.1,1,0,0
1763424000000,7.09211291411e-05,1763424000000,92125.2,1763424000000,92165.2,1,0,0
1763452800000,0.0001,1763452800000,91176.3,1763452800000,91225.0,1,0,0
1763481600000,5.40586828625e-05,1763481600000,93450.5,1763481600000,93498.9,1,0,0
1763510400000,4.92661528492e-05,1763510400000,92385.8,1763510400000,92422.9,1,0,0
1763539200000,4.95383964065e-05,1763539200000,91427.5,1763539200000,91466.2,1,0,0
1763568000000,-4.331081165e-07,1763568000000,89863.4,1763568000000,89905.1,1,0,0
1763596800000,7.52648217993e-05,1763596800000,91860.2,1763596800000,91895.2,1,0,0
1763625600000,0.0001,1763625600000,92093.5,1763625600000,92132.4,1,0,0
1763654400000,8.4294924693e-05,1763654400000,87843.9,1763654400000,87881.5,1,0,0
1763683200000,9.2001066584e-06,1763683200000,87255.6,1763683200000,87280.5,1,0,0
1763712000000,6.67480648454e-05,1763712000000,83606.9,1763712000000,83646.0,1,0,0
1763740800000,1.38760383927e-05,1763740800000,84880.7,1763740800000,84919.8,1,0,0
1763769600000,-6.274089297e-07,1763769600000,84694.3,1763769600000,84738.6,1,0,0
1763798400000,4.39293031834e-05,1763798400000,83978.1,1763798400000,84016.1,1,0,0
1763827200000,1.33377098417e-05,1763827200000,84648.8,1763827200000,84697.3,1,0,0
1763856000000,8.8598328663e-06,1763856000000,84928.6,1763856000000,84974.4,1,0,0
1763884800000,1.61131618423e-05,1763884800000,86110.6,1763884800000,86145.1,1,0,0
1763913600000,-1.44662237659e-05,1763913600000,86636.5,1763913600000,86689.9,1,0,0
1763942400000,9.4534137043e-06,1763942400000,86692.0,1763942400000,86733.7,1,0,0
1763971200000,3.08968508e-07,1763971200000,86914.7,1763971200000,86960.2,1,0,0
1764000000000,1.2752652456e-06,1764000000000,87117.9,1764000000000,87175.4,1,0,0
1764028800000,-3.10020541289e-05,1764028800000,88062.1,1764028800000,88104.0,1,0,0
1764057600000,-5.5803655123e-06,1764057600000,86979.8,1764057600000,87018.1,1,0,0
1764086400000,-1.75732368621e-05,1764086400000,87074.4,1764086400000,87123.1,1,0,0
1764115200000,-8.5030604203e-06,1764115200000,87522.2,1764115200000,87573.0,1,0,0
1764144000000,3.90069037912e-05,1764144000000,87386.7,1764144000000,87418.4,1,0,0
1764172800000,-2.6904453729e-06,1764172800000,87791.1,1764172800000,87826.6,1,0,0
1764201600000,-3.28296639169e-05,1764201600000,90419.0,1764201600000,90469.3,1,0,0
1764230400000,-4.81320193476e-05,1764230400000,91430.9,1764230400000,91475.1,1,0,0
1764259200000,2.0164055648e-05,1764259200000,91419.5,1764259200000,91460.3,1,0,0
1764288000000,3.98122884152e-05,1764288000000,91168.4,1764288000000,91203.5,1,0,0
1764316800000,-2.48575351615e-05,1764316800000,91627.9,1764316800000,91674.3,1,0,0
1764345600000,-2.59107594352e-05,1764345600000,90893.2,1764345600000,90938.0,1,0,0
1764374400000,-2.44400410111e-05,1764374400000,90833.4,1764374400000,90887.9,1,0,0
1764403200000,2.9309174804e-05,1764403200000,90595.9,1764403200000,90628.9,1,0,0
1764432000000,5.9169427636e-06,1764432000000,90960.8,1764432000000,91008.9,1,0,0
1764460800000,5.03531385804e-05,1764460800000,90843.1,1764460800000,90891.6,1,0,0
1764489600000,3.87257698794e-05,1764489600000,91136.2,1764489600000,91182.9,1,0,0
1764518400000,3.0252997618e-06,1764518400000,91786.7,1764518400000,91827.9,1,0,0
1764547200000,-4.54168275563e-05,1764547200000,86973.9,1764547200000,87002.9,1,0,0
1764576000000,8.78547437873e-05,1764576000000,86831.7,1764576000000,86858.1,1,0,0
1764604800000,2.68552249014e-05,1764604800000,84519.3,1764604800000,84566.1,1,0,0
1764633600000,-2.41854584761e-05,1764633600000,86476.6,1764633600000,86515.9,1,0,0
1764662400000,-5.17073219073e-05,1764662400000,86422.1,1764662400000,86465.4,1,0,0
1764691200000,-1.02990770661e-05,1764691200000,90706.1,1764691200000,90744.9,1,0,0
1764720000000,2.69186109393e-05,1764720000000,91619.0,1764720000000,91670.5,1,0,0
1764748800000,5.35702956953e-05,1764748800000,92723.2,1764748800000,92768.0,1,0,0
1764777600000,-4.3483163406e-06,1764777600000,92204.7,1764777600000,92253.3,1,0,0
1764806400000,1.042539944e-07,1764806400000,93012.6,1764806400000,93055.9,1,0,0
1764835200000,2.24451591708e-05,1764835200000,93211.7,1764835200000,93250.0,1,0,0
1764864000000,2.46563561454e-05,1764864000000,92400.4,1764864000000,92433.5,1,0,0
1764892800000,-1.04776839236e-05,1764892800000,92261.5,1764892800000,92293.1,1,0,0
1764921600000,2.72714649899e-05,1764921600000,92072.1,1764921600000,92111.0,1,0,0
1764950400000,4.6204606211e-06,1764950400000,88760.9,1764950400000,88811.1,1,0,0
1764979200000,8.4696012699e-06,1764979200000,89380.3,1764979200000,89420.5,1,0,0
1765008000000,-4.68624792773e-05,1765008000000,89241.5,1765008000000,89275.8,1,0,0
1765036800000,-6.2842857432e-06,1765036800000,89667.5,1765036800000,89708.0,1,0,0
1765065600000,1.52626940595e-05,1765065600000,89343.8,1765065600000,89400.0,1,0,0
1765094400000,6.8212126887e-06,1765094400000,89276.0,1765094400000,89318.1,1,0,0
1765123200000,2.18136421857e-05,1765123200000,89862.1,1765123200000,89892.1,1,0,0
1765152000000,1.35873110327e-05,1765152000000,90302.8,1765152000000,90349.0,1,0,0
1765180800000,6.25772846077e-05,1765180800000,91793.2,1765180800000,91832.7,1,0,0
1765209600000,4.17294371364e-05,1765209600000,89924.0,1765209600000,89977.9,1,0,0
1765238400000,1.4217510604e-06,1765238400000,90351.6,1765238400000,90393.6,1,0,0
1765267200000,2.0143970591e-05,1765267200000,90458.5,1765267200000,90498.1,1,0,0
1765296000000,3.14376088768e-05,1765296000000,94153.0,1765296000000,94183.0,1,0,0
1765324800000,-2.106548931e-05,1765324800000,92084.6,1765324800000,92130.1,1,0,0
1765353600000,3.07013968739e-05,1765353600000,92571.3,1765353600000,92611.4,1,0,0
1765382400000,4.54355228463e-05,1765382400000,92131.2,1765382400000,92174.9,1,0,0
1765411200000,1.1585019151e-05,1765411200000,91337.4,1765411200000,91385.2,1,0,0
1765440000000,-5.78343280256e-05,1765440000000,90144.6,1765440000000,90186.4,1,0,0
1765468800000,3.81326266516e-05,1765468800000,89699.7,1765468800000,89736.9,1,0,0
1765497600000,7.98352629868e-05,1765497600000,91547.2,1765497600000,91577.7,1,0,0
1765526400000,2.95330850016e-05,1765526400000,92286.4,1765526400000,92347.4,1,0,0
1765555200000,5.09166388012e-05,1765555200000,89984.3,1765555200000,90040.1,1,0,0
1765584000000,-4.46226079733e-05,1765584000000,90269.9,1765584000000,90317.6,1,0,0
1765612800000,-4.47192438961e-05,1765612800000,90420.3,1765612800000,90450.9,1,0,0
1765641600000,8.04343815665e-05,1765641600000,90044.5,1765641600000,90097.6,1,0,0
1765670400000,2.21969465338e-05,1765670400000,90305.6,1765670400000,90339.1,1,0,0
1765699200000,9.4343124815e-05,1765699200000,90080.7,1765699200000,90114.9,1,0,0
1765728000000,-3.98682057751e-05,1765728000000,88780.5,1765728000000,88832.9,1,0,0
1765756800000,-4.15087555172e-05,1765756800000,88402.5,1765756800000,88456.0,1,0,0
1765785600000,3.4627263933e-06,1765785600000,89725.1,1765785600000,89770.1,1,0,0
1765814400000,3.26245659781e-05,1765814400000,86350.8,1765814400000,86400.9,1,0,0
1765843200000,6.8288033363e-06,1765843200000,85817.4,1765843200000,85862.0,1,0,0
1765872000000,1.33890870828e-05,1765872000000,86237.4,1765872000000,86282.0,1,0,0
1765900800000,5.17809606767e-05,1765900800000,87547.0,1765900800000,87581.9,1,0,0
1765929600000,2.80389280645e-05,1765929600000,87495.3,1765929600000,87532.8,1,0,0
1765958400000,1.84152358761e-05,1765958400000,86354.2,1765958400000,86397.9,1,0,0
1765987200000,5.53408991163e-05,1765987200000,86957.8,1765987200000,86994.5,1,0,0
1766016000000,-3.39832563e-06,1766016000000,86194.0,1766016000000,86236.8,1,0,0
1766044800000,-1.44819660502e-05,1766044800000,86926.3,1766044800000,86973.0,1,0,0
1766073600000,7.12094396188e-05,1766073600000,87974.5,1766073600000,88014.7,1,0,0
1766102400000,-4.43232278523e-05,1766102400000,85563.7,1766102400000,85606.0,1,0,0
1766131200000,9.20425618278e-05,1766131200000,88060.9,1766131200000,88101.1,1,0,0
1766160000000,9.29266995776e-05,1766160000000,87958.8,1766160000000,87984.1,1,0,0
1766188800000,7.48311669613e-05,1766188800000,87966.1,1766188800000,88008.9,1,0,0
1766217600000,1.98296447443e-05,1766217600000,88207.9,1766217600000,88253.8,1,0,0
1766246400000,4.88421708994e-05,1766246400000,88120.3,1766246400000,88152.9,1,0,0
1766275200000,8.71759061347e-05,1766275200000,88360.5,1766275200000,88395.0,1,0,0
1766304000000,9.48939059172e-05,1766304000000,88508.7,1766304000000,88540.4,1,0,0
1766332800000,6.96168491226e-05,1766332800000,88311.9,1766332800000,88368.0,1,0,0
1766361600000,8.73296160841e-05,1766361600000,88586.0,1766361600000,88627.9,1,0,0
1766390400000,2.8024149609e-05,1766390400000,89297.6,1766390400000,89333.9,1,0,0
1766419200000,8.89569368873e-05,1766419200000,89515.5,1766419200000,89554.9,1,0,0
1766448000000,4.4090483101e-06,1766448000000,88726.0,1766448000000,88774.2,1,0,0
1766476800000,-4.2180845299e-06,1766476800000,87426.0,1766476800000,87477.9,1,0,0
1766505600000,-1.3876539094e-05,1766505600000,87947.8,1766505600000,87999.0,1,0,0
1766534400000,4.43674140844e-05,1766534400000,87619.3,1766534400000,87656.9,1,0,0
1766563200000,2.9491004657e-05,1766563200000,86745.0,1766563200000,86791.0,1,0,0
1766592000000,-1.26426033949e-05,1766592000000,87251.7,1766592000000,87279.6,1,0,0
1766620800000,7.03299346247e-05,1766620800000,87528.3,1766620800000,87569.1,1,0,0
1766649600000,8.05752078836e-05,1766649600000,87544.9,1766649600000,87585.0,1,0,0
1766678400000,5.36917959586e-05,1766678400000,88057.6,1766678400000,88082.6,1,0,0
1766707200000,5.51439468641e-05,1766707200000,87088.0,1766707200000,87130.0,1,0,0
1766736000000,0.0001,1766736000000,88700.2,1766736000000,88741.0,1,0,0
1766764800000,6.25537294225e-05,1766764800000,86804.0,1766764800000,86850.0,1,0,0
1766793600000,5.30627021077e-05,1766793600000,87355.5,1766793600000,87398.0,1,0,0
1766822400000,4.50461668475e-05,1766822400000,87549.0,1766822400000,87590.2,1,0,0
1766851200000,7.95308935754e-05,1766851200000,87460.0,1766851200000,87502.0,1,0,0
1766880000000,5.37349008223e-05,1766880000000,87806.0,1766880000000,87836.9,1,0,0
1766908800000,7.21871829258e-05,1766908800000,87758.1,1766908800000,87802.9,1,0,0
1766937600000,3.57403266387e-05,1766937600000,87773.9,1766937600000,87814.7,1,0,0
1766966400000,4.59337859992e-05,1766966400000,88268.0,1766966400000,88303.0,1,0,0
1766995200000,0.0001,1766995200000,89519.4,1766995200000,89548.0,1,0,0
1767024000000,-1.10316732037e-05,1767024000000,87582.0,1767024000000,87624.0,1,0,0
1767052800000,9.19625009766e-05,1767052800000,87216.6,1767052800000,87245.8,1,0,0
1767081600000,-1.9201965912e-06,1767081600000,87820.8,1767081600000,87866.4,1,0,0
1767110400000,3.22385353321e-05,1767110400000,88705.2,1767110400000,88750.6,1,0,0
1767139200000,2.38990279049e-05,1767139200000,88225.1,1767139200000,88264.0,1,0,0
1767168000000,7.54315176026e-05,1767168000000,88395.4,1767168000000,88438.0,1,0,0
1767196800000,4.03844890835e-05,1767196800000,87611.6,1767196800000,87656.9,1,0,0
1767225600000,1.59050417522e-05,1767225600000,87757.8,1767225600000,87806.0,1,0,0
1767254400000,5.91350109139e-05,1767254400000,87729.7,1767254400000,87771.9,1,0,0
1767283200000,-3.02822323192e-05,1767283200000,87951.6,1767283200000,87994.7,1,0,0
1767312000000,3.32411064813e-05,1767312000000,88802.4,1767312000000,88832.9,1,0,0
1767340800000,4.86637513226e-05,1767340800000,89138.1,1767340800000,89182.9,1,0,0
1767369600000,-2.1535904435e-06,1767369600000,90335.2,1767369600000,90374.6,1,0,0
1767398400000,-6.42117395335e-05,1767398400000,90105.8,1767398400000,90156.9,1,0,0
1767427200000,4.73422006793e-05,1767427200000,89620.4,1767427200000,89673.3,1,0,0
1767456000000,-5.6257044749e-06,1767456000000,90051.4,1767456000000,90104.1,1,0,0
1767484800000,1.51740867498e-05,1767484800000,91298.7,1767484800000,91347.7,1,0,0
1767513600000,8.48410843342e-05,1767513600000,91324.4,1767513600000,91368.1,1,0,0
1767542400000,2.60572343733e-05,1767542400000,91280.7,1767542400000,91325.0,1,0,0
1767571200000,5.69466923904e-05,1767571200000,92365.6,1767571200000,92404.9,1,0,0
1767600000000,0.0001,1767600000000,92441.8,1767600000000,92474.6,1,0,0
1767628800000,3.74778632081e-05,1767628800000,93645.4,1767628800000,93709.1,1,0,0
1767657600000,-5.15930067611e-05,1767657600000,93793.0,1767657600000,93812.9,1,0,0
1767686400000,4.0653644262e-05,1767686400000,93203.0,1767686400000,93243.1,1,0,0
1767715200000,2.30616494438e-05,1767715200000,92648.2,1767715200000,92685.1,1,0,0
1767744000000,2.38560454793e-05,1767744000000,92681.2,1767744000000,92706.0,1,0,0
1767772800000,0.0001,1767772800000,92678.3,1767772800000,92721.9,1,0,0
1767801600000,4.72991643634e-05,1767801600000,91215.8,1767801600000,91259.0,1,0,0
1767830400000,8.74660232529e-05,1767830400000,91351.6,1767830400000,91390.1,1,0,0
1767859200000,4.65345194127e-05,1767859200000,90173.4,1767859200000,90218.0,1,0,0
1767888000000,3.08533676478e-05,1767888000000,90892.3,1767888000000,90937.6,1,0,0
1767916800000,-4.54722116529e-05,1767916800000,91241.6,1767916800000,91290.7,1,0,0
1767945600000,4.53380137912e-05,1767945600000,89994.8,1767945600000,90033.2,1,0,0
1767974400000,1.23666169442e-05,1767974400000,91579.7,1767974400000,91625.3,1,0,0
1768003200000,5.50314392212e-05,1768003200000,90564.5,1768003200000,90598.0,1,0,0
1768032000000,0.0001,1768032000000,90617.1,1768032000000,90659.6,1,0,0
1768060800000,3.8297144958e-06,1768060800000,90640.7,1768060800000,90678.0,1,0,0
1768089600000,2.10478660647e-05,1768089600000,90580.6,1768089600000,90629.0,1,0,0
1768118400000,8.63820028393e-05,1768118400000,90755.1,1768118400000,90787.3,1,0,0
1768147200000,4.5374867989e-05,1768147200000,91000.0,1768147200000,91041.9,1,0,0
1768176000000,2.29343827591e-05,1768176000000,91219.6,1768176000000,91255.6,1,0,0
1768204800000,0.0001,1768204800000,90713.5,1768204800000,90749.1,1,0,0
1768233600000,2.31357325911e-05,1768233600000,92085.8,1768233600000,92117.8,1,0,0
1768262400000,5.28216324674e-05,1768262400000,91434.2,1768262400000,91481.1,1,0,0
1768291200000,5.82501252247e-05,1768291200000,92131.8,1768291200000,92170.1,1,0,0
1768320000000,6.75470158811e-05,1768320000000,93347.1,1768320000000,93392.0,1,0,0
1768348800000,9.11585683032e-05,1768348800000,95208.9,1768348800000,95241.0,1,0,0
1768377600000,0.0001,1768377600000,94874.0,1768377600000,94901.2,1,0,0
1768406400000,5.44822712124e-05,1768406400000,97233.1,1768406400000,97285.5,1,0,0
1768435200000,-2.02317440745e-05,1768435200000,96618.7,1768435200000,96653.5,1,0,0
1768464000000,7.54938172432e-05,1768464000000,96602.5,1768464000000,96650.2,1,0,0
1768492800000,2.4679232452e-05,1768492800000,96671.9,1768492800000,96729.1,1,0,0
1768521600000,4.42572566272e-05,1768521600000,95590.3,1768521600000,95630.9,1,0,0
1768550400000,8.05480419191e-05,1768550400000,95629.8,1768550400000,95668.0,1,0,0
1768579200000,3.52574263423e-05,1768579200000,94827.4,1768579200000,94877.7,1,0,0
1768608000000,1.88230656352e-05,1768608000000,95417.7,1768608000000,95465.1,1,0,0
1768636800000,3.29321750457e-05,1768636800000,95209.7,1768636800000,95244.5,1,0,0
1768665600000,-2.39792780952e-05,1768665600000,95265.6,1768665600000,95311.5,1,0,0
1768694400000,6.28842038375e-05,1768694400000,95080.6,1768694400000,95117.3,1,0,0
1768723200000,6.71357181534e-05,1768723200000,95140.4,1768723200000,95183.4,1,0,0
1768752000000,7.99738664341e-05,1768752000000,95123.5,1768752000000,95168.1,1,0,0
1768780800000,3.49746325995e-05,1768780800000,92661.8,1768780800000,92720.1,1,0,0
1768809600000,-5.5112599903e-05,1768809600000,93195.8,1768809600000,93258.2,1,0,0
1768838400000,2.12006514827e-05,1768838400000,93249.4,1768838400000,93298.9,1,0,0
1768867200000,6.37313985922e-05,1768867200000,92678.6,1768867200000,92715.1,1,0,0
1768896000000,8.61155115867e-05,1768896000000,91069.6,1768896000000,91119.1,1,0,0
1768924800000,5.22055719511e-05,1768924800000,90124.7,1768924800000,90163.1,1,0,0
1768953600000,5.39125888927e-05,1768953600000,88885.0,1768953600000,88916.0,1,0,0
1768982400000,-3.81347946719e-05,1768982400000,89160.7,1768982400000,89199.0,1,0,0
1769011200000,4.74779545085e-05,1769011200000,87555.0,1769011200000,87595.4,1,0,0
1769040000000,2.56185100736e-05,1769040000000,89862.9,1769040000000,89905.7,1,0,0
1769068800000,6.3581574411e-06,1769068800000,89881.4,1769068800000,89909.9,1,0,0
1769097600000,2.42891857974e-05,1769097600000,89002.4,1769097600000,89055.1,1,0,0
1769126400000,7.95094198701e-05,1769126400000,89479.7,1769126400000,89526.1,1,0,0
1769155200000,3.59713403361e-05,1769155200000,89165.3,1769155200000,89219.0,1,0,0
1769184000000,1.36714886431e-05,1769184000000,90075.3,1769184000000,90123.0,1,0,0
1769212800000,4.14704598464e-05,1769212800000,89412.6,1769212800000,89452.5,1,0,0
1769241600000,2.8780524089e-05,1769241600000,89636.5,1769241600000,89664.9,1,0,0
1769270400000,6.18323117706e-05,1769270400000,89236.9,1769270400000,89281.0,1,0,0
1769299200000,1.46641107981e-05,1769299200000,89283.7,1769299200000,89316.9,1,0,0
1769328000000,6.22267079245e-05,1769328000000,88256.9,1769328000000,88303.1,1,0,0
1769356800000,6.4718371692e-06,1769356800000,88033.8,1769356800000,88087.9,1,0,0
1769385600000,5.45217598879e-05,1769385600000,86807.2,1769385600000,86847.1,1,0,0
1769414400000,-7.34996692213e-05,1769414400000,87941.1,1769414400000,87973.0,1,0,0
1769443200000,6.15635148209e-05,1769443200000,87574.9,1769443200000,87615.4,1,0,0
1769472000000,7.63719857417e-05,1769472000000,88314.6,1769472000000,88350.8,1,0,0
1769500800000,6.40717107348e-05,1769500800000,88135.4,1769500800000,88176.1,1,0,0
1769529600000,5.66073217609e-05,1769529600000,88601.1,1769529600000,88638.9,1,0,0
1769558400000,5.67467220139e-05,1769558400000,89435.0,1769558400000,89476.6,1,0,0
1769587200000,7.11755748427e-05,1769587200000,88893.2,1769587200000,88924.9,1,0,0
1769616000000,3.54006729896e-05,1769616000000,89591.5,1769616000000,89644.0,1,0,0
1769644800000,7.86134955275e-05,1769644800000,89112.8,1769644800000,89144.8,1,0,0
1769673600000,-4.1790606066e-06,1769673600000,88015.5,1769673600000,88056.1,1,0,0
1769702400000,6.19267246039e-05,1769702400000,85240.1,1769702400000,85279.1,1,0,0
1769731200000,-6.5458555846e-06,1769731200000,84144.1,1769731200000,84196.9,1,0,0
1769760000000,-4.33807911651e-05,1769760000000,82623.4,1769760000000,82661.0,1,0,0
1769788800000,-1.71969234994e-05,1769788800000,83116.8,1769788800000,83149.7,1,0,0
1769817600000,8.34075916422e-05,1769817600000,84031.1,1769817600000,84073.4,1,0,0
1769846400000,4.15772335412e-05,1769846400000,83024.6,1769846400000,83062.9,1,0,0
1769875200000,6.17832593108e-05,1769875200000,80316.6,1769875200000,80359.1,1,0,0
1769904000000,-6.6945274943e-06,1769904000000,78849.8,1769904000000,78897.6,1,0,0
1769932800000,-1.55078551259e-05,1769932800000,78565.1,1769932800000,78606.3,1,0,0
1769961600000,6.47789297829e-05,1769961600000,77465.1,1769961600000,77495.1,1,0,0
1769990400000,8.78095097359e-05,1769990400000,77644.5,1769990400000,77682.1,1,0,0
1770019200000,5.96925098258e-05,1770019200000,76831.6,1770019200000,76869.9,1,0,0
1770048000000,-7.39506326831e-05,1770048000000,78585.7,1770048000000,78633.0,1,0,0
1770076800000,-4.68841739388e-05,1770076800000,79042.1,1770076800000,79075.1,1,0,0
1770105600000,-3.347666376e-07,1770105600000,78707.9,1770105600000,78746.4,1,0,0
1770134400000,6.5969563054e-06,1770134400000,76453.2,1770134400000,76487.9,1,0,0
1770163200000,3.27909454738e-05,1770163200000,75884.3,1770163200000,75922.0,1,0,0
1770192000000,3.97239665777e-05,1770192000000,76551.2,1770192000000,76585.0,1,0,0
1770220800000,5.9374777323e-05,1770220800000,73608.1,1770220800000,73642.0,1,0,0
1770249600000,8.18857149218e-05,1770249600000,72831.7,1770249600000,72867.2,1,0,0
1770278400000,3.01599118301e-05,1770278400000,71022.3,1770278400000,71054.6,1,0,0
1770307200000,1.27569790646e-05,1770307200000,68264.1,1770307200000,68311.1,1,0,0
1770336000000,0.0001,1770336000000,63466.2,1770336000000,63502.0,1,0,0
1770364800000,-6.8407289022e-06,1770364800000,64860.8,1770364800000,64893.6,1,0,0
1770393600000,-6.87134656322e-05,1770393600000,69932.4,1770393600000,69947.8,1,0,0
1770422400000,-6.12733148768e-05,1770422400000,69920.3,1770422400000,69955.0,1,0,0
1770451200000,5.53394591617e-05,1770451200000,68479.3,1770451200000,68506.9,1,0,0
1770480000000,8.61133048323e-05,1770480000000,68921.1,1770480000000,68964.6,1,0,0
1770508800000,3.08067996977e-05,1770508800000,69108.8,1770508800000,69134.1,1,0,0
1770537600000,1.60704088961e-05,1770537600000,70618.8,1770537600000,70659.7,1,0,0
1770566400000,-3.75322134276e-05,1770566400000,70396.1,1770566400000,70422.7,1,0,0
1770595200000,6.83234277534e-05,1770595200000,70461.7,1770595200000,70500.0,1,0,0
1770624000000,5.12711814493e-05,1770624000000,69853.5,1770624000000,69871.1,1,0,0
1770652800000,5.03922037352e-05,1770652800000,70056.4,1770652800000,70089.1,1,0,0
1770681600000,1.39541728666e-05,1770681600000,69799.6,1770681600000,69825.0,1,0,0
1770710400000,5.64627836126e-05,1770710400000,69095.6,1770710400000,69135.0,1,0,0
1770739200000,-3.3093793619e-05,1770739200000,69469.0,1770739200000,69510.6,1,0,0
1770768000000,6.54716061393e-05,1770768000000,69159.9,1770768000000,69193.2,1,0,0
1770796800000,6.26740645226e-05,1770796800000,66954.7,1770796800000,66991.2,1,0,0
1770825600000,2.7571231793e-05,1770825600000,66017.8,1770825600000,66039.1,1,0,0
1770854400000,1.1607619834e-05,1770854400000,67429.5,1770854400000,67461.7,1,0,0
1770883200000,7.34261249528e-05,1770883200000,67108.1,1770883200000,67137.4,1,0,0
1770912000000,4.25188287004e-05,1770912000000,65837.2,1770912000000,65858.6,1,0,0
1770940800000,6.49474169246e-05,1770940800000,65884.5,1770940800000,65914.0,1,0,0
1770969600000,0.0001,1770969600000,66676.0,1770969600000,66698.9,1,0,0
1770998400000,1.84009491766e-05,1770998400000,68918.3,1770998400000,68955.3,1,0,0
1771027200000,3.02084345609e-05,1771027200000,69047.6,1771027200000,69099.7,1,0,0
1771056000000,-6.6511183633e-06,1771056000000,69704.5,1771056000000,69745.1,1,0,0
1771084800000,4.86341703692e-05,1771084800000,69735.2,1771084800000,69762.7,1,0,0
1771113600000,6.71396939898e-05,1771113600000,69753.6,1771113600000,69781.8,1,0,0
1771142400000,1.85950909647e-05,1771142400000,70403.3,1771142400000,70436.9,1,0,0
1771171200000,8.4825894128e-06,1771171200000,68978.2,1771171200000,69013.2,1,0,0
1771200000000,2.68616298283e-05,1771200000000,68815.2,1771200000000,68847.6,1,0,0
1771228800000,6.40047502396e-05,1771228800000,68731.4,1771228800000,68765.8,1,0,0
1771257600000,2.48895261036e-05,1771257600000,67850.8,1771257600000,67892.9,1,0,0
1771286400000,9.2396052219e-06,1771286400000,68853.1,1771286400000,68884.8,1,0,0
1771315200000,5.36110553136e-05,1771315200000,68138.1,1771315200000,68178.3,1,0,0
1771344000000,3.78394238062e-05,1771344000000,67495.0,1771344000000,67520.0,1,0,0
1771372800000,1.11626616908e-05,1771372800000,67272.4,1771372800000,67297.9,1,0,0
1771401600000,-1.18184703931e-05,1771401600000,68099.7,1771401600000,68128.5,1,0,0
1771430400000,6.22506821764e-05,1771430400000,67108.6,1771430400000,67143.3,1,0,0
1771459200000,3.58972331016e-05,1771459200000,66415.7,1771459200000,66450.0,1,0,0
1771488000000,1.10370634994e-05,1771488000000,66934.7,1771488000000,66970.2,1,0,0
1771516800000,3.12908878179e-05,1771516800000,66271.0,1771516800000,66300.0,1,0,0
1771545600000,3.96991534163e-05,1771545600000,67197.5,1771545600000,67230.3,1,0,0
1771574400000,5.99227465627e-05,1771574400000,67852.6,1771574400000,67883.3,1,0,0
1771603200000,7.22330478366e-05,1771603200000,67762.6,1771603200000,67794.9,1,0,0
1771632000000,8.84810754494e-05,1771632000000,67811.3,1771632000000,67837.7,1,0,0
1771660800000,8.86683896573e-05,1771660800000,68016.6,1771660800000,68053.0,1,0,0
1771689600000,4.31501597423e-05,1771689600000,68301.2,1771689600000,68332.9,1,0,0
1771718400000,7.86658182692e-05,1771718400000,67915.0,1771718400000,67947.9,1,0,0
1771747200000,5.72325079269e-05,1771747200000,67929.9,1771747200000,67958.0,1,0,0
1771776000000,8.15649535124e-05,1771776000000,67603.3,1771776000000,67631.0,1,0,0
1771804800000,3.94623008752e-05,1771804800000,66703.9,1771804800000,66735.0,1,0,0
1771833600000,-9.15586192191e-05,1771833600000,65641.1,1771833600000,65676.8,1,0,0
1771862400000,1.9090589435e-05,1771862400000,65340.5,1771862400000,65364.8,1,0,0
1771891200000,5.46758584873e-05,1771891200000,64904.1,1771891200000,64943.6,1,0,0
1771920000000,-1.3935018196e-06,1771920000000,63355.1,1771920000000,63389.1,1,0,0
1771948800000,-1.03595341626e-05,1771948800000,64226.4,1771948800000,64267.5,1,0,0
1771977600000,-1.4672922502e-05,1771977600000,64187.6,1771977600000,64218.2,1,0,0
1772006400000,5.4711984407e-06,1772006400000,65491.3,1772006400000,65527.0,1,0,0
1772035200000,-1.06431653478e-05,1772035200000,68248.9,1772035200000,68292.0,1,0,0
1772064000000,8.57810508043e-05,1772064000000,68321.9,1772064000000,68340.0,1,0,0
1772092800000,0.0001,1772092800000,67936.2,1772092800000,67952.0,1,0,0
1772121600000,3.54682728815e-05,1772121600000,66614.9,1772121600000,66639.9,1,0,0
1772150400000,3.03456202393e-05,1772150400000,67200.7,1772150400000,67223.3,1,0,0
1772179200000,4.11258138161e-05,1772179200000,67900.2,1772179200000,67917.2,1,0,0
1772208000000,3.09735619967e-05,1772208000000,65455.5,1772208000000,65475.0,1,0,0
1772236800000,8.09504083727e-05,1772236800000,65908.9,1772236800000,65942.6,1,0,0
1772265600000,1.07978043111e-05,1772265600000,63442.1,1772265600000,63478.3,1,0,0
1772294400000,-1.39412742268e-05,1772294400000,65059.3,1772294400000,65093.9,1,0,0
1772323200000,2.21082632528e-05,1772323200000,66757.9,1772323200000,66789.7,1,0,0
1772352000000,4.9861596358e-05,1772352000000,66528.1,1772352000000,66559.6,1,0,0
1772380800000,5.68945890282e-05,1772380800000,66100.4,1772380800000,66139.8,1,0,0
1772409600000,-1.36738950679e-05,1772409600000,66476.9,1772409600000,66511.1,1,0,0
1772438400000,3.42238030563e-05,1772438400000,66235.9,1772438400000,66280.6,1,0,0
1772467200000,-7.529764939e-06,1772467200000,69397.9,1772467200000,69433.1,1,0,0
1772496000000,-3.9838485369e-05,1772496000000,69045.3,1772496000000,69082.0,1,0,0
1772524800000,4.37296461482e-05,1772524800000,66977.3,1772524800000,66999.5,1,0,0
1772553600000,1.70028283628e-05,1772553600000,68125.2,1772553600000,68162.8,1,0,0
1772582400000,-3.69797398106e-05,1772582400000,68057.2,1772582400000,68093.3,1,0,0
1772611200000,-2.55199421549e-05,1772611200000,70988.2,1772611200000,71022.4,1,0,0
1772640000000,5.39814040513e-05,1772640000000,73250.9,1772640000000,73291.5,1,0,0
1772668800000,5.26513725722e-05,1772668800000,72727.5,1772668800000,72763.6,1,0,0
1772697600000,0.0001,1772697600000,72311.5,1772697600000,72341.9,1,0,0
1772726400000,5.90156680421e-05,1772726400000,71274.2,1772726400000,71312.5,1,0,0
1772755200000,3.64006788447e-05,1772755200000,70961.9,1772755200000,70986.9,1,0,0
1772784000000,6.75256786147e-05,1772784000000,70757.7,1772784000000,70780.1,1,0,0
1772812800000,-3.9836586516e-06,1772812800000,68414.6,1772812800000,68446.3,1,0,0
1772841600000,-1.2767305249e-06,1772841600000,68246.7,1772841600000,68281.1,1,0,0
1772870400000,1.26860316466e-05,1772870400000,67758.7,1772870400000,67803.1,1,0,0
1772899200000,-1.5979282954e-06,1772899200000,67757.9,1772899200000,67792.5,1,0,0
1772928000000,-4.32424049249e-05,1772928000000,67160.3,1772928000000,67191.0,1,0,0
1772956800000,1.78149868343e-05,1772956800000,67500.6,1772956800000,67536.1,1,0,0
1772985600000,5.949377742e-06,1772985600000,66842.8,1772985600000,66866.3,1,0,0
1773014400000,4.4777677015e-06,1773014400000,66330.5,1773014400000,66369.0,1,0,0
1773043200000,-4.41385533702e-05,1773043200000,67778.2,1773043200000,67811.7,1,0,0
1773072000000,-1.31652456204e-05,1773072000000,68923.3,1773072000000,68958.3,1,0,0
1773100800000,-3.81925973641e-05,1773100800000,69120.0,1773100800000,69157.8,1,0,0
1773129600000,2.65058231037e-05,1773129600000,70649.1,1773129600000,70679.7,1,0,0
1773158400000,-6.842881069e-07,1773158400000,71230.1,1773158400000,71268.1,1,0,0
1773187200000,-3.25797332179e-05,1773187200000,70000.7,1773187200000,70035.1,1,0,0
1773216000000,5.4827979726e-06,1773216000000,69628.6,1773216000000,69649.0,1,0,0
1773244800000,-3.62367417498e-05,1773244800000,70536.6,1773244800000,70576.5,1,0,0
1773273600000,-3.4227347206e-05,1773273600000,70179.5,1773273600000,70223.3,1,0,0
1773302400000,-8.0525237027e-06,1773302400000,69873.9,1773302400000,69907.8,1,0,0
1773331200000,-4.47633873021e-05,1773331200000,70339.5,1773331200000,70379.0,1,0,0
1773360000000,-2.74309119052e-05,1773360000000,71451.5,1773360000000,71477.4,1,0,0
1773388800000,4.52549195154e-05,1773388800000,71798.3,1773388800000,71827.4,1,0,0
1773417600000,3.3957312099e-05,1773417600000,71842.2,1773417600000,71879.2,1,0,0
1773446400000,-3.3464546905e-06,1773446400000,70603.4,1773446400000,70635.8,1,0,0
1773475200000,-4.28587187518e-05,1773475200000,70549.5,1773475200000,70583.1,1,0,0
1773504000000,-5.43299507286e-05,1773504000000,70641.6,1773504000000,70668.1,1,0,0
1773532800000,-3.07333728967e-05,1773532800000,70943.4,1773532800000,70985.3,1,0,0
1773561600000,-1.511007376e-06,1773561600000,71679.4,1773561600000,71717.9,1,0,0
1773590400000,-6.3222827088e-06,1773590400000,71401.9,1773590400000,71433.0,1,0,0
1773619200000,8.6086294459e-06,1773619200000,72490.7,1773619200000,72530.0,1,0,0
1773648000000,7.8885664794e-05,1773648000000,73109.2,1773648000000,73138.5,1,0,0
1773676800000,-1.648756255e-07,1773676800000,73726.6,1773676800000,73758.9,1,0,0
1773705600000,5.00328523885e-05,1773705600000,75283.9,1773705600000,75311.0,1,0,0
1773734400000,4.16486037836e-05,1773734400000,74154.8,1773734400000,74199.0,1,0,0
1773763200000,3.9450946648e-06,1773763200000,74121.7,1773763200000,74157.0,1,0,0
1773792000000,-2.45336260436e-05,1773792000000,73821.4,1773792000000,73862.1,1,0,0
1773820800000,3.36895262029e-05,1773820800000,74009.6,1773820800000,74049.3,1,0,0
1773849600000,1.23692285928e-05,1773849600000,71280.4,1773849600000,71318.7,1,0,0
1773878400000,-2.7648992258e-05,1773878400000,70972.5,1773878400000,71007.9,1,0,0
1773907200000,1.60589892444e-05,1773907200000,69952.0,1773907200000,69995.9,1,0,0
1773936000000,5.49617269995e-05,1773936000000,69424.5,1773936000000,69455.1,1,0,0
1773964800000,-3.6905678952e-05,1773964800000,70154.6,1773964800000,70197.3,1,0,0
1773993600000,2.2698433752e-06,1773993600000,71008.9,1773993600000,71039.2,1,0,0
1774022400000,6.68030328443e-05,1774022400000,69802.0,1774022400000,69831.3,1,0,0
1774051200000,6.7856864602e-06,1774051200000,70652.5,1774051200000,70685.0,1,0,0
1774080000000,-2.47462758734e-05,1774080000000,70557.8,1774080000000,70595.5,1,0,0
1774108800000,-5.2769333675e-06,1774108800000,70274.2,1774108800000,70308.2,1,0,0
1774137600000,1.64339575202e-05,1774137600000,68908.2,1774137600000,68952.0,1,0,0
1774166400000,-5.15599694098e-05,1774166400000,68769.8,1774166400000,68810.1,1,0,0
1774195200000,-7.14489917954e-05,1774195200000,68762.1,1774195200000,68799.1,1,0,0
1774224000000,-4.05035515868e-05,1774224000000,67639.9,1774224000000,67674.0,1,0,0
1774252800000,-8.2662703162e-06,1774252800000,68399.9,1774252800000,68434.1,1,0,0
1774281600000,1.70797364529e-05,1774281600000,70541.6,1774281600000,70561.9,1,0,0
1774310400000,-3.5453151373e-06,1774310400000,70643.8,1774310400000,70684.0,1,0,0
1774339200000,8.09354252358e-05,1774339200000,70934.2,1774339200000,70967.1,1,0,0
1774368000000,5.86921208147e-05,1774368000000,69445.7,1774368000000,69474.9,1,0,0
1774396800000,1.76070262256e-05,1774396800000,70808.8,1774396800000,70838.0,1,0,0
1774425600000,3.12259263346e-05,1774425600000,71199.2,1774425600000,71239.5,1,0,0
1774454400000,2.59915621775e-05,1774454400000,71288.6,1774454400000,71319.8,1,0,0
1774483200000,7.63095564466e-05,1774483200000,71270.7,1774483200000,71303.4,1,0,0
1774512000000,0.0001,1774512000000,69992.5,1774512000000,70030.0,1,0,0
1774540800000,3.36134989715e-05,1774540800000,68906.8,1774540800000,68933.1,1,0,0
1774569600000,7.57377571938e-05,1774569600000,68757.4,1774569600000,68785.0,1,0,0
1774598400000,6.64216597265e-05,1774598400000,67876.7,1774598400000,67918.1,1,0,0
1774627200000,-4.3944230417e-05,1774627200000,65946.9,1774627200000,65980.1,1,0,0
1774656000000,-3.01444125971e-05,1774656000000,66394.3,1774656000000,66433.1,1,0,0
1774684800000,1.08919631806e-05,1774684800000,66376.1,1774684800000,66412.4,1,0,0
1774713600000,7.0108210259e-06,1774713600000,66891.9,1774713600000,66932.0,1,0,0
1774742400000,8.0041340323e-06,1774742400000,66455.6,1774742400000,66479.5,1,0,0
1774771200000,-5.35964612843e-05,1774771200000,66681.7,1774771200000,66724.0,1,0,0
1774800000000,3.57270982646e-05,1774800000000,66471.8,1774800000000,66496.7,1,0,0
1774828800000,2.92937196826e-05,1774828800000,66242.3,1774828800000,66277.0,1,0,0
1774857600000,6.22041878665e-05,1774857600000,67636.7,1774857600000,67667.4,1,0,0
1774886400000,2.0762196202e-05,1774886400000,67348.1,1774886400000,67367.6,1,0,0
1774915200000,1.91571494699e-05,1774915200000,67174.8,1774915200000,67212.7,1,0,0
1774944000000,0.0001,1774944000000,66739.1,1774944000000,66769.0,1,0,0
1774972800000,1.51375879817e-05,1774972800000,67643.0,1774972800000,67673.8,1,0,0
1775001600000,3.48803230529e-05,1775001600000,68294.4,1775001600000,68326.0,1,0,0
1775030400000,5.24268041689e-05,1775030400000,68630.7,1775030400000,68660.9,1,0,0
1775059200000,6.68365785286e-05,1775059200000,68782.6,1775059200000,68817.5,1,0,0
1775088000000,2.17940143106e-05,1775088000000,68564.7,1775088000000,68599.5,1,0,0
1775116800000,-2.60123913411e-05,1775116800000,66412.5,1775116800000,66442.9,1,0,0
1775145600000,-5.01320273047e-05,1775145600000,67063.5,1775145600000,67095.9,1,0,0
1775174400000,7.4845120418e-06,1775174400000,66754.9,1775174400000,66783.3,1,0,0
1775203200000,1.90281918057e-05,1775203200000,66941.3,1775203200000,66959.9,1,0,0
1775232000000,3.80139757857e-05,1775232000000,66973.7,1775232000000,67001.3,1,0,0
1775260800000,1.91412379853e-05,1775260800000,66868.2,1775260800000,66894.5,1,0,0
1775289600000,3.3980082706e-06,1775289600000,66908.3,1775289600000,66944.5,1,0,0
1775318400000,-1.1320966547e-06,1775318400000,67330.4,1775318400000,67355.6,1,0,0
1775347200000,-9.2438007197e-06,1775347200000,67184.2,1775347200000,67210.1,1,0,0
1775376000000,1.87158112044e-05,1775376000000,66894.6,1775376000000,66929.2,1,0,0
1775404800000,2.10979251291e-05,1775404800000,67187.1,1775404800000,67212.9,1,0,0
1775433600000,7.09300578928e-05,1775433600000,69062.6,1775433600000,69083.9,1,0,0
1775462400000,6.24348100084e-05,1775462400000,69179.0,1775462400000,69224.7,1,0,0
1775491200000,6.87874653249e-05,1775491200000,69753.8,1775491200000,69795.4,1,0,0
1775520000000,-3.25038879303e-05,1775520000000,68736.9,1775520000000,68769.9,1,0,0
1775548800000,3.91224579442e-05,1775548800000,68907.3,1775548800000,68935.4,1,0,0
1775577600000,5.33162602047e-05,1775577600000,68206.3,1775577600000,68234.0,1,0,0
1775606400000,7.88734342289e-05,1775606400000,71696.0,1775606400000,71710.5,1,0,0
1775635200000,0.0001,1775635200000,71789.2,1775635200000,71801.0,1,0,0
1775664000000,0.0001,1775664000000,71562.4,1775664000000,71599.4,1,0,0
1775692800000,4.31589561822e-05,1775692800000,70779.3,1775692800000,70809.0,1,0,0
1775721600000,4.67784476811e-05,1775721600000,71224.9,1775721600000,71250.0,1,0,0
1775750400000,0.0001,1775750400000,72051.8,1775750400000,72076.2,1,0,0
1775779200000,2.71916702567e-05,1775779200000,71948.7,1775779200000,71969.8,1,0,0
1775808000000,6.12589001435e-05,1775808000000,71581.4,1775808000000,71610.3,1,0,0
1775836800000,-2.61465843046e-05,1775836800000,72960.7,1775836800000,72990.9,1,0,0
1775865600000,-9.499073562e-07,1775865600000,72799.4,1775865600000,72832.6,1,0,0
1775894400000,4.67297830294e-05,1775894400000,72636.3,1775894400000,72665.7,1,0,0
1775923200000,5.53208680148e-05,1775923200000,73000.6,1775923200000,73043.1,1,0,0
1775952000000,5.43867076809e-05,1775952000000,73051.0,1775952000000,73090.5,1,0,0
1775980800000,-3.93759385751e-05,1775980800000,71591.3,1775980800000,71626.1,1,0,0
1776009600000,7.34161268999e-05,1776009600000,70902.6,1776009600000,70933.0,1,0,0
1776038400000,3.65276623483e-05,1776038400000,71140.1,1776038400000,71173.5,1,0,0
1776067200000,7.45735407553e-05,1776067200000,70656.4,1776067200000,70686.8,1,0,0
1776096000000,-4.09165288315e-05,1776096000000,72161.9,1776096000000,72204.0,1,0,0
1776124800000,6.53638562014e-05,1776124800000,74138.2,1776124800000,74153.4,1,0,0
1776153600000,8.43247781537e-05,1776153600000,74718.3,1776153600000,74752.2,1,0,0
1776182400000,-4.25181840774e-05,1776182400000,74617.8,1776182400000,74645.2,1,0,0
1776211200000,-0.0001094883251061,1776211200000,74515.3,1776211200000,74569.9,1,0,0
1776240000000,-1.49855594031e-05,1776240000000,74077.2,1776240000000,74120.2,1,0,0
1776268800000,-5.71022621168e-05,1776268800000,73908.1,1776268800000,73947.5,1,0,0
1776297600000,-5.11257282684e-05,1776297600000,74771.5,1776297600000,74804.2,1,0,0
1776326400000,-3.15058973773e-05,1776326400000,74636.0,1776326400000,74673.7,1,0,0
1776355200000,-1.3061247762e-05,1776355200000,74136.8,1776355200000,74177.6,1,0,0
1776384000000,9.0974170654e-06,1776384000000,74900.2,1776384000000,74940.4,1,0,0
1776412800000,-4.2082641739e-06,1776412800000,75739.3,1776412800000,75779.3,1,0,0
1776441600000,-8.69934861105e-05,1776441600000,77824.1,1776441600000,77855.9,1,0,0
1776470400000,7.3572911425e-06,1776470400000,77128.2,1776470400000,77165.3,1,0,0
1776499200000,-6.8674141482e-06,1776499200000,76700.0,1776499200000,76738.9,1,0,0
1776528000000,-1.17053776205e-05,1776528000000,75905.5,1776528000000,75944.8,1,0,0
1776556800000,-7.14846856104e-05,1776556800000,75631.5,1776556800000,75673.8,1,0,0
1776585600000,-1.00773355932e-05,1776585600000,75227.4,1776585600000,75253.9,1,0,0
1776614400000,-5.7104566861e-05,1776614400000,75349.3,1776614400000,75391.9,1,0,0
1776643200000,1.14536200264e-05,1776643200000,74239.4,1776643200000,74277.8,1,0,0
1776672000000,4.03213557316e-05,1776672000000,74695.7,1776672000000,74724.3,1,0,0
1776700800000,-4.08986196174e-05,1776700800000,75298.8,1776700800000,75348.2,1,0,0
1776729600000,-4.12862011945e-05,1776729600000,76071.4,1776729600000,76097.0,1,0,0
1776758400000,3.52378802456e-05,1776758400000,76473.0,1776758400000,76505.8,1,0,0
1776787200000,1.0889705699e-05,1776787200000,75750.7,1776787200000,75774.9,1,0,0
1776816000000,-1.83064589195e-05,1776816000000,76346.5,1776816000000,76369.6,1,0,0
1776844800000,2.56388069934e-05,1776844800000,77968.4,1776844800000,78014.9,1,0,0
1776873600000,-3.34068078345e-05,1776873600000,78705.9,1776873600000,78744.9,1,0,0
1776902400000,-4.08133686615e-05,1776902400000,78389.7,1776902400000,78432.8,1,0,0
1776931200000,-8.00159588428e-05,1776931200000,77816.0,1776931200000,77853.1,1,0,0
1776960000000,-2.77255814208e-05,1776960000000,78051.4,1776960000000,78091.5,1,0,0
1776988800000,-4.75768414734e-05,1776988800000,78376.2,1776988800000,78411.7,1,0,0
1777017600000,-4.9164856571e-06,1777017600000,77745.3,1777017600000,77785.8,1,0,0
1777046400000,-1.87689866551e-05,1777046400000,77744.0,1777046400000,77772.9,1,0,0
1777075200000,-1.83864133702e-05,1777075200000,77412.0,1777075200000,77450.3,1,0,0
1777104000000,-3.82878019307e-05,1777104000000,77600.0,1777104000000,77635.1,1,0,0
1777132800000,-6.14399950985e-05,1777132800000,77361.3,1777132800000,77404.3,1,0,0
1777161600000,1.24680904313e-05,1777161600000,77462.5,1777161600000,77473.3,1,0,0
1777190400000,4.58259885384e-05,1777190400000,77993.4,1777190400000,78029.9,1,0,0
1777219200000,-4.4625313279e-06,1777219200000,77892.8,1777219200000,77928.2,1,0,0
1777248000000,-3.94161045277e-05,1777248000000,79217.6,1777248000000,79291.5,1,0,0
1777276800000,-6.29907601197e-05,1777276800000,77758.3,1777276800000,77800.6,1,0,0
1777305600000,-5.29784340521e-05,1777305600000,76590.4,1777305600000,76617.7,1,0,0
1777334400000,-9.95378713288e-05,1777334400000,77341.6,1777334400000,77390.0,1,0,0
1777363200000,-8.46945606982e-05,1777363200000,76817.0,1777363200000,76856.4,1,0,0
1777392000000,4.30025983087e-05,1777392000000,76096.6,1777392000000,76130.1,1,0,0
1777420800000,3.84770050159e-05,1777420800000,76472.8,1777420800000,76508.4,1,0,0
1777449600000,-4.28255342382e-05,1777449600000,77000.5,1777449600000,77036.9,1,0,0
1777478400000,1.81048476583e-05,1777478400000,75772.0,1777478400000,75800.7,1,0,0
1777507200000,-1.23350143559e-05,1777507200000,76223.8,1777507200000,76254.1,1,0,0
1777536000000,-5.436910025e-06,1777536000000,76020.5,1777536000000,76069.2,1,0,0
1777564800000,-6.00960022696e-05,1777564800000,76221.1,1777564800000,76261.1,1,0,0
1777593600000,-2.59477550239e-05,1777593600000,76417.8,1777593600000,76463.1,1,0,0
1777622400000,-9.210843292e-07,1777622400000,77325.5,1777622400000,77373.3,1,0,0
1777651200000,-3.24683936345e-05,1777651200000,78172.3,1777651200000,78212.1,1,0,0
1777680000000,-2.96713622132e-05,1777680000000,78300.4,1777680000000,78345.0,1,0,0
1777708800000,7.65314976e-07,1777708800000,78281.8,1777708800000,78309.0,1,0,0
1777737600000,-6.4207282441e-06,1777737600000,78415.7,1777737600000,78455.0,1,0,0
1777766400000,3.1232914232e-05,1777766400000,78510.1,1777766400000,78548.9,1,0,0
1777795200000,-4.40210772168e-05,1777795200000,78347.7,1777795200000,78381.5,1,0,0
1777824000000,2.48259660801e-05,1777824000000,78631.5,1777824000000,78662.0,1,0,0
1777852800000,1.31643449698e-05,1777852800000,78506.4,1777852800000,78549.1,1,0,0
1777881600000,8.0446591039e-05,1777881600000,79677.2,1777881600000,79700.8,1,0,0
1777910400000,-4.58047277264e-05,1777910400000,79981.2,1777910400000,80015.9,1,0,0
1777939200000,-4.80020790019e-05,1777939200000,79990.6,1777939200000,80031.2,1,0,0
1777968000000,3.67601291506e-05,1777968000000,80834.3,1777968000000,80866.1,1,0,0
1777996800000,-2.49329738473e-05,1777996800000,81458.4,1777996800000,81506.3,1,0,0
1778025600000,7.131574874e-07,1778025600000,80987.7,1778025600000,81034.0,1,0,0
1778054400000,-3.94546572329e-05,1778054400000,81471.1,1778054400000,81504.0,1,0,0
1778083200000,1.28483935393e-05,1778083200000,81667.3,1778083200000,81701.0,1,0,0
1778112000000,-2.00730970558e-05,1778112000000,81413.9,1778112000000,81463.0,1,0,0
1778140800000,5.0983030498e-06,1778140800000,81518.2,1778140800000,81544.7,1,0,0
1778169600000,6.05485360377e-05,1778169600000,79838.1,1778169600000,79881.7,1,0,0
1778198400000,3.54460516195e-05,1778198400000,79978.8,1778198400000,80024.3,1,0,0
1778227200000,3.489182255e-07,1778227200000,79631.6,1778227200000,79685.0,1,0,0
1778256000000,-6.2745502734e-06,1778256000000,79989.1,1778256000000,80029.0,1,0,0
1778284800000,-4.9853222137e-06,1778284800000,80110.6,1778284800000,80156.2,1,0,0
1778313600000,4.22967981051e-05,1778313600000,80310.9,1778313600000,80357.6,1,0,0
1778342400000,-2.61407703311e-05,1778342400000,80487.6,1778342400000,80522.6,1,0,0
1778371200000,5.91990759781e-05,1778371200000,80652.0,1778371200000,80689.7,1,0,0
1778400000000,3.53120541056e-05,1778400000000,80688.1,1778400000000,80716.5,1,0,0
1778428800000,9.9003004207e-06,1778428800000,81372.2,1778428800000,81417.0,1,0,0
1778457600000,2.50931472841e-05,1778457600000,82053.9,1778457600000,82091.6,1,0,0
1778486400000,0.0001,1778486400000,80713.8,1778486400000,80759.2,1,0,0
1778515200000,1.04419087999e-05,1778515200000,81361.4,1778515200000,81396.9,1,0,0
1778544000000,-5.63839236705e-05,1778544000000,81746.2,1778544000000,81789.7,1,0,0
1778572800000,2.63186836902e-05,1778572800000,80846.2,1778572800000,80897.3,1,0,0
1778601600000,-6.3522672516e-05,1778601600000,80264.2,1778601600000,80231.1,1,0,0
1778630400000,-1.08837927404e-05,1778630400000,80484.3,1778630400000,80528.0,1,0,0
1778659200000,4.43753742934e-05,1778659200000,81025.5,1778659200000,81057.1,1,0,0
1778688000000,8.669156372e-05,1778688000000,78930.7,1778688000000,78960.8,1,0,0
1778716800000,6.62390119952e-05,1778716800000,79361.2,1778716800000,79389.6,1,0,0
1778745600000,3.87292207018e-05,1778745600000,79725.0,1778745600000,79760.5,1,0,0
1778774400000,1.00278167472e-05,1778774400000,81315.1,1778774400000,81369.5,1,0,0
1778803200000,3.56833691991e-05,1778803200000,81110.0,1778803200000,81148.5,1,0,0
1778832000000,2.1478593278e-05,1778832000000,80611.9,1778832000000,80638.8,1,0,0
1778860800000,1.15656523982e-05,1778860800000,79142.6,1778860800000,79193.2,1,0,0
1778889600000,5.81911100179e-05,1778889600000,79062.6,1778889600000,79101.0,1,0,0
1778918400000,8.54231884486e-05,1778918400000,78361.1,1778918400000,78399.3,1,0,0
1778947200000,0.0001,1778947200000,78205.1,1778947200000,78243.7,1,0,0
1778976000000,4.124226044e-05,1778976000000,78171.1,1778976000000,78225.9,1,0,0
1779004800000,3.2084030747e-05,1779004800000,78117.5,1779004800000,78151.9,1,0,0
1779033600000,-3.63449927545e-05,1779033600000,78025.0,1779033600000,78067.4,1,0,0
1779062400000,-1.37406363163e-05,1779062400000,77340.4,1779062400000,77355.0,1,0,0
1779091200000,6.60001578246e-05,1779091200000,77047.9,1779091200000,77090.0,1,0,0
1779120000000,9.20522188935e-05,1779120000000,76383.9,1779120000000,76418.0,1,0,0
1779148800000,8.6758144149e-05,1779148800000,76916.8,1779148800000,76961.3,1,0,0
1779177600000,4.10900834455e-05,1779177600000,77202.9,1779177600000,77231.9,1,0,0
1779206400000,0.0001,1779206400000,76536.0,1779206400000,76570.0,1,0,0
1779235200000,6.8208650134e-05,1779235200000,76832.1,1779235200000,76867.0,1,0,0
1779264000000,2.86372143688e-05,1779264000000,77240.9,1779264000000,77273.7,1,0,0
1779292800000,6.95954753521e-05,1779292800000,77393.9,1779292800000,77457.5,1,0,0
1779321600000,1.69303659234e-05,1779321600000,77521.2,1779321600000,77564.1,1,0,0
1779350400000,2.13772759246e-05,1779350400000,77891.2,1779350400000,77929.9,1,0,0
1779379200000,0.0001,1779379200000,77253.0,1779379200000,77272.8,1,0,0
1779408000000,-1.64426833898e-05,1779408000000,77504.7,1779408000000,77539.2,1,0,0
1779436800000,2.32942747095e-05,1779436800000,77402.5,1779436800000,77420.7,1,0,0
1779465600000,7.84947056895e-05,1779465600000,76787.5,1779465600000,76801.8,1,0,0
1779494400000,2.28466439083e-05,1779494400000,75474.5,1779494400000,75523.0,1,0,0
1779523200000,3.8865087972e-05,1779523200000,74582.6,1779523200000,74631.5,1,0,0
1779552000000,4.0288996575e-06,1779552000000,75521.4,1779552000000,75556.3,1,0,0
1779580800000,6.46005503225e-05,1779580800000,76675.4,1779580800000,76717.6,1,0,0
1779609600000,5.94269365717e-05,1779609600000,76797.2,1779609600000,76821.9,1,0,0
1779638400000,4.37885346034e-05,1779638400000,76360.3,1779638400000,76394.8,1,0,0
1779667200000,2.3288850922e-05,1779667200000,77080.7,1779667200000,77113.5,1,0,0
1779696000000,-1.01054458323e-05,1779696000000,77335.1,1779696000000,77370.9,1,0,0
1779724800000,5.9773379947e-06,1779724800000,77546.6,1779724800000,77590.2,1,0,0
1779753600000,5.2431413321e-05,1779753600000,77278.3,1779753600000,77322.6,1,0,0
1779782400000,2.01047785825e-05,1779782400000,76685.9,1779782400000,76738.9,1,0,0
1779811200000,6.24817032964e-05,1779811200000,76429.9,1779811200000,76467.0,1,0,0
1779840000000,5.38321463723e-05,1779840000000,75925.5,1779840000000,75957.5,1,0,0
1779868800000,2.01365468022e-05,1779868800000,75941.7,1779868800000,75997.5,1,0,0
1779897600000,0.0001,1779897600000,75290.1,1779897600000,75325.6,1,0,0
1779926400000,9.7347204197e-05,1779926400000,74509.1,1779926400000,74534.1,1,0,0
1779955200000,9.01431920054e-05,1779955200000,73319.4,1779955200000,73364.8,1,0,0
1779984000000,0.0001,1779984000000,72819.1,1779984000000,72838.9,1,0,0
1780012800000,8.22613661661e-05,1780012800000,73618.7,1780012800000,73663.4,1,0,0
1780041600000,6.90249741874e-05,1780041600000,73543.1,1780041600000,73599.6,1,0,0
1780070400000,5.04528084404e-05,1780070400000,73799.5,1780070400000,73843.4,1,0,0
1780099200000,2.76952137454e-05,1780099200000,73421.0,1780099200000,73458.7,1,0,0
1780128000000,2.72922964657e-05,1780128000000,73505.9,1780128000000,73538.3,1,0,0
1780156800000,1.3613413701e-05,1780156800000,73899.7,1780156800000,73926.6,1,0,0
1780185600000,-2.6552209543e-06,1780185600000,73883.4,1780185600000,73917.5,1,0,0
1780214400000,-1.4934683232e-06,1780214400000,73865.8,1780214400000,73893.2,1,0,0
1780243200000,2.19344236021e-05,1780243200000,73654.4,1780243200000,73695.3,1,0,0
1780272000000,4.66943658692e-05,1780272000000,73834.0,1780272000000,73861.8,1,0,0
1780300800000,2.36646806892e-05,1780300800000,72776.3,1780300800000,72818.1,1,0,0
1780329600000,0.0001,1780329600000,71083.5,1780329600000,71106.1,1,0,0
1780358400000,0.0001,1780358400000,71321.1,1780358400000,71360.7,1,0,0
1780387200000,0.0001,1780387200000,70044.6,1780387200000,70079.9,1,0,0
1780416000000,0.0001,1780416000000,67259.5,1780416000000,67285.9,1,0,0
1780444800000,8.65678874748e-05,1780444800000,66794.5,1780444800000,66821.1,1,0,0
1780473600000,2.78658186139e-05,1780473600000,67175.5,1780473600000,67213.1,1,0,0
1780502400000,0.0001,1780502400000,66085.6,1780502400000,66092.0,1,0,0
1780531200000,9.87113820589e-05,1780531200000,64333.3,1780531200000,64358.3,1,0,0
1780560000000,2.09870467977e-05,1780560000000,63547.6,1780560000000,63580.9,1,0,0
1780588800000,1.5995235891e-06,1780588800000,63780.5,1780588800000,63826.8,1,0,0
1780617600000,3.66527172313e-05,1780617600000,63813.6,1780617600000,63846.4,1,0,0
1780646400000,2.06005907985e-05,1780646400000,62908.7,1780646400000,62945.1,1,0,0
1780675200000,-4.95880636278e-05,1780675200000,60324.6,1780675200000,60368.0,1,0,0
1780704000000,-2.51353994586e-05,1780704000000,61177.6,1780704000000,61209.6,1,0,0
1780732800000,-3.37977745229e-05,1780732800000,60844.4,1780732800000,60892.4,1,0,0
1780761600000,5.2962402562e-06,1780761600000,60706.1,1780761600000,60730.1,1,0,0
1780790400000,-1.2707252249e-05,1780790400000,60847.8,1780790400000,60871.9,1,0,0
1780819200000,-7.81048412537e-05,1780819200000,62356.1,1780819200000,62409.1,1,0,0
1780848000000,2.90588944828e-05,1780848000000,62010.9,1780848000000,62045.8,1,0,0
1780876800000,5.51876461949e-05,1780876800000,63211.3,1780876800000,63258.7,1,0,0
1780905600000,4.24550662021e-05,1780905600000,63211.8,1780905600000,63250.7,1,0,0
1780934400000,-7.55486509945e-05,1780934400000,63657.1,1780934400000,63691.2,1,0,0
1780963200000,-1.25192203038e-05,1780963200000,63084.8,1780963200000,63120.6,1,0,0
1780992000000,-7.6999774469e-06,1780992000000,63103.4,1780992000000,63125.1,1,0,0
1781020800000,3.6350401157e-05,1781020800000,61083.0,1781020800000,61111.6,1,0,0
1781049600000,4.76144458983e-05,1781049600000,61784.9,1781049600000,61822.9,1,0,0
1781078400000,-1.59316750235e-05,1781078400000,61629.6,1781078400000,61663.9,1,0,0
1781107200000,-8.7786677452e-06,1781107200000,62588.5,1781107200000,62628.2,1,0,0
1781136000000,-4.34625906886e-05,1781136000000,61561.7,1781136000000,61598.2,1,0,0
1781164800000,-6.03239409731e-05,1781164800000,62714.4,1781164800000,62750.8,1,0,0
1781193600000,-2.39606392713e-05,1781193600000,62727.1,1781193600000,62753.0,1,0,0
1781222400000,-4.9527169637e-06,1781222400000,63544.5,1781222400000,63583.3,1,0,0
1781251200000,1.3381574222e-05,1781251200000,63085.2,1781251200000,63116.6,1,0,0
1781280000000,-2.23589457138e-05,1781280000000,63628.2,1781280000000,63634.0,1,0,0
1781308800000,9.1148532304e-06,1781308800000,63548.9,1781308800000,63591.1,1,0,0
1781337600000,8.6943079192e-06,1781337600000,63771.3,1781337600000,63806.3,1,0,0
1781366400000,-6.39574741838e-05,1781366400000,64269.1,1781366400000,64287.3,1,0,0
1781395200000,-3.1294023986e-05,1781395200000,64351.6,1781395200000,64377.7,1,0,0
1781424000000,-3.38984808092e-05,1781424000000,64366.3,1781424000000,64403.2,1,0,0
1781452800000,-7.59112940001e-05,1781452800000,64020.4,1781452800000,64044.0,1,0,0
1781481600000,-5.83460493709e-05,1781481600000,65591.8,1781481600000,65632.6,1,0,0
1781510400000,-6.89247750096e-05,1781510400000,65641.0,1781510400000,65654.2,1,0,0
1781539200000,-7.39035810096e-05,1781539200000,67140.0,1781539200000,67182.3,1,0,0
1781568000000,-1.30999107801e-05,1781568000000,66278.1,1781568000000,66313.2,1,0,0
1781596800000,-5.92277212018e-05,1781596800000,66349.6,1781596800000,66376.6,1,0,0
1781625600000,-1.08643309843e-05,1781625600000,65886.1,1781625600000,65921.3,1,0,0
1781654400000,3.59942934559e-05,1781654400000,65699.7,1781654400000,65736.3,1,0,0
1781683200000,-2.4895073548e-05,1781683200000,65435.5,1781683200000,65475.9,1,0,0
1781712000000,-3.42401528489e-05,1781712000000,65799.8,1781712000000,65847.7,1,0,0
1781740800000,4.9965386896e-06,1781740800000,64488.9,1781740800000,64537.1,1,0,0
1781769600000,2.71213062112e-05,1781769600000,64394.9,1781769600000,64440.6,1,0,0
1781798400000,3.5651907852e-05,1781798400000,62512.9,1781798400000,62559.2,1,0,0
1781827200000,1.3446105841e-06,1781827200000,62910.2,1781827200000,62946.7,1,0,0
1781856000000,3.24496957995e-05,1781856000000,62599.3,1781856000000,62636.6,1,0,0
1781884800000,-4.9910259435e-06,1781884800000,63238.3,1781884800000,63273.4,1,0,0
1781913600000,2.05881918658e-05,1781913600000,63557.7,1781913600000,63585.4,1,0,0
1781942400000,-1.88323191508e-05,1781942400000,63381.7,1781942400000,63405.3,1,0,0
1781971200000,2.0836725788e-06,1781971200000,63997.7,1781971200000,64035.9,1,0,0
1782000000000,-8.8262165972e-06,1782000000000,64218.2,1782000000000,64259.0,1,0,0
1782028800000,-1.4922291748e-05,1782028800000,64177.0,1782028800000,64204.4,1,0,0
1782057600000,-1.19152252366e-05,1782057600000,64202.3,1782057600000,64237.8,1,0,0
1782086400000,-2.88482815558e-05,1782086400000,63330.5,1782086400000,63357.3,1,0,0
1782115200000,2.87541037749e-05,1782115200000,64141.2,1782115200000,64175.9,1,0,0
1782144000000,4.14573501689e-05,1782144000000,64659.0,1782144000000,64699.3,1,0,0
1782172800000,4.86570053437e-05,1782172800000,63983.2,1782172800000,64022.8,1,0,0
1782201600000,1.06301812452e-05,1782201600000,62848.0,1782201600000,62885.1,1,0,0
1782230400000,2.75155316918e-05,1782230400000,62483.7,1782230400000,62471.0,1,0,0
1782259200000,2.59855577951e-05,1782259200000,62750.0,1782259200000,62779.0,1,0,0
1782288000000,8.32808229693e-05,1782288000000,62645.6,1782288000000,62678.8,1,0,0
1782316800000,4.32526539971e-05,1782316800000,60275.8,1782316800000,60315.8,1,0,0
1782345600000,-4.59301184219e-05,1782345600000,61049.8,1782345600000,61079.9,1,0,0
1782374400000,-7.79943959298e-05,1782374400000,61880.0,1782374400000,61914.6,1,0,0
1782403200000,-3.44282240539e-05,1782403200000,59476.1,1782403200000,59509.0,1,0,0
1782432000000,1.3441848992e-06,1782432000000,59841.0,1782432000000,59868.6,1,0,0
1782460800000,9.6635297061e-06,1782460800000,60491.8,1782460800000,60528.1,1,0,0
1782489600000,8.20729542149e-05,1782489600000,60362.0,1782489600000,60381.8,1,0,0
1782518400000,4.06267603842e-05,1782518400000,60074.4,1782518400000,60096.6,1,0,0
1782547200000,5.0548856273e-05,1782547200000,60453.7,1782547200000,60484.1,1,0,0
1782576000000,3.22701928586e-05,1782576000000,60795.0,1782576000000,60825.1,1,0,0
1782604800000,4.02316180587e-05,1782604800000,60040.1,1782604800000,60073.9,1,0,0
1782633600000,3.19959525751e-05,1782633600000,60199.8,1782633600000,60230.9,1,0,0
1782662400000,3.95436281002e-05,1782662400000,59897.7,1782662400000,59925.9,1,0,0
1782691200000,4.6598340778e-06,1782691200000,59394.7,1782691200000,59422.7,1,0,0
1782720000000,5.03634854124e-05,1782720000000,59980.8,1782720000000,60012.6,1,0,0
1782748800000,7.17956019909e-05,1782748800000,59784.3,1782748800000,59816.2,1,0,0
1782777600000,8.45798622754e-05,1782777600000,60182.9,1782777600000,60211.7,1,0,0
1782806400000,5.21934781504e-05,1782806400000,59489.4,1782806400000,59509.0,1,0,0
1782835200000,6.41177716092e-05,1782835200000,58348.5,1782835200000,58385.2,1,0,0
1782864000000,4.77134731687e-05,1782864000000,58664.9,1782864000000,58692.5,1,0,0
1782892800000,1.30447729281e-05,1782892800000,58731.9,1782892800000,58765.3,1,0,0
1782921600000,3.76950039265e-05,1782921600000,60100.1,1782921600000,60121.6,1,0,0
1782950400000,9.0342275479e-05,1782950400000,59930.0,1782950400000,59959.5,1,0,0
1782979200000,0.0001,1782979200000,60206.6,1782979200000,60220.0,1,0,0
1783008000000,3.11543020607e-05,1783008000000,61570.3,1783008000000,61600.2,1,0,0
1783036800000,0.0001,1783036800000,61412.5,1783036800000,61432.8,1,0,0
1783065600000,0.0001,1783065600000,61745.7,1783065600000,61772.5,1,0,0
1783094400000,5.38283058701e-05,1783094400000,61935.3,1783094400000,61965.0,1,0,0
1783123200000,4.07757884118e-05,1783123200000,62573.8,1783123200000,62601.2,1,0,0
1783152000000,6.08954397873e-05,1783152000000,62517.9,1783152000000,62543.5,1,0,0
1783180800000,6.44399138913e-05,1783180800000,62929.6,1783180800000,62949.9,1,0,0
1783209600000,0.0001,1783209600000,63055.3,1783209600000,63082.6,1,0,0
1783238400000,7.36099190415e-05,1783238400000,62985.2,1783238400000,63007.4,1,0,0
1783267200000,2.11483321941e-05,1783267200000,62700.5,1783267200000,62739.1,1,0,0
1783296000000,6.17667680351e-05,1783296000000,63559.9,1783296000000,63586.9,1,0,0
1783324800000,9.8247928749e-05,1783324800000,63123.8,1783324800000,63164.9,1,0,0
1783353600000,4.35732937955e-05,1783353600000,63542.4,1783353600000,63493.8,1,0,0
1783382400000,0.0001,1783382400000,64024.9,1783382400000,64045.8,1,0,0
1783411200000,6.78140695912e-05,1783411200000,63090.5,1783411200000,63119.3,1,0,0
1783440000000,5.89596545996e-05,1783440000000,63915.2,1783440000000,63941.2,1,0,0
1783468800000,5.68819916406e-05,1783468800000,63390.5,1783468800000,63418.3,1,0,0
1783497600000,4.44623992899e-05,1783497600000,62844.2,1783497600000,62883.4,1,0,0
1783526400000,8.51580031502e-05,1783526400000,61730.5,1783526400000,61754.9,1,0,0
1783555200000,7.23410745506e-05,1783555200000,62182.4,1783555200000,62212.9,1,0,0
1783584000000,1.3105775059e-06,1783584000000,62957.3,1783584000000,62988.1,1,0,0
1783612800000,3.51830663184e-05,1783612800000,62877.1,1783612800000,62899.5,1,0,0
1783641600000,7.32355162048e-05,1783641600000,63139.1,1783641600000,63168.0,1,0,0
1783670400000,8.40924532537e-05,1783670400000,63983.4,1783670400000,63999.2,1,0,0
1783699200000,7.54950605994e-05,1783699200000,64022.2,1783699200000,64039.3,1,0,0
1783728000000,8.22511513621e-05,1783728000000,64089.7,1783728000000,64128.3,1,0,0
1783756800000,-2.15211796162e-05,1783756800000,64122.1,1783756800000,64152.7,1,0,0
1783785600000,3.4033691268e-05,1783785600000,64107.5,1783785600000,64135.1,1,0,0
1783814400000,6.65193799449e-05,1783814400000,63830.4,1783814400000,63864.8,1,0,0
1783843200000,6.27690257703e-05,1783843200000,63914.3,1783843200000,63953.5,1,0,0
1783872000000,5.64601192152e-05,1783872000000,64160.3,1783872000000,64176.5,1,0,0
1783900800000,6.70987512867e-05,1783900800000,63750.6,1783900800000,63779.7,1,0,0
1783929600000,7.0183139456e-06,1783929600000,62952.4,1783929600000,62986.0,1,0,0
1783958400000,8.85517560254e-05,1783958400000,62559.7,1783958400000,62598.8,1,0,0
1783987200000,6.66043492605e-05,1783987200000,62313.3,1783987200000,62337.5,1,0,0
1784016000000,1.56977471317e-05,1784016000000,62539.7,1784016000000,62571.9,1,0,0
1784044800000,7.99498182818e-05,1784044800000,64719.3,1784044800000,64741.6,1,0,0
1784073600000,0.0001,1784073600000,64997.5,1784073600000,65026.4,1,0,0
1784102400000,0.0001,1784102400000,64566.8,1784102400000,64599.4,1,0,0
1784131200000,2.95691248966e-05,1784131200000,65204.7,1784131200000,65238.5,1,0,0
1784160000000,8.11290335628e-05,1784160000000,64798.7,1784160000000,64830.3,1,0,0
1784188800000,3.78071378877e-05,1784188800000,64225.0,1784188800000,64248.9,1,0,0
1784217600000,1.498971488e-05,1784217600000,64605.8,1784217600000,64636.6,1,0,0
1784246400000,5.3773733806e-05,1784246400000,63754.5,1784246400000,63787.1,1,0,0
1784275200000,2.95604398968e-05,1784275200000,62788.0,1784275200000,62822.0,1,0,0
1784304000000,5.46348466336e-05,1784304000000,63643.2,1784304000000,63668.8,1,0,0
1784332800000,3.80167412203e-05,1784332800000,63926.2,1784332800000,63957.3,1,0,0
1784361600000,5.07952841494e-05,1784361600000,63951.9,1784361600000,63986.9,1,0,0
1784390400000,8.63693379528e-05,1784390400000,64091.0,1784390400000,64120.5,1,0,0
1784419200000,1.66804274372e-05,1784419200000,64816.3,1784419200000,64841.0,1,0,0
1784448000000,5.94778872743e-05,1784448000000,64651.1,1784448000000,64675.9,1,0,0
1784476800000,4.22130855567e-05,1784476800000,64554.6,1784476800000,64587.6,1,0,0
1784505600000,1.49115311815e-05,1784505600000,64617.9,1784505600000,64646.9,1,0,0
1784534400000,-1.0642569389e-06,1784534400000,64231.9,1784534400000,64269.0,1,0,0
1784563200000,1.51065561787e-05,1784563200000,65491.0,1784563200000,65517.6,1,0,0
1784592000000,7.8604607579e-06,1784592000000,65151.1,1784592000000,65189.4,1,0,0
1784620800000,1.70667772237e-05,1784620800000,66198.3,1784620800000,66227.1,1,0,0
1784649600000,-3.86532726688e-05,1784649600000,66683.3,1784649600000,66715.7,1,0,0
1784678400000,6.45951712624e-05,1784678400000,66515.4,1784678400000,66548.4,1,0,0
1784707200000,-4.6095462073e-06,1784707200000,65878.4,1784707200000,65914.6,1,0,0
1784736000000,7.2341658587e-06,1784736000000,66197.0,1784736000000,66233.0,1,0,0
1784764800000,3.45300865541e-05,1784764800000,66032.3,1784764800000,66068.2,1,0,0
1784793600000,-3.33148169405e-05,1784793600000,65594.5,1784793600000,65631.1,1,0,0
1784822400000,3.09437083436e-05,1784822400000,64725.4,1784822400000,64752.0,1,0,0
1784851200000,1.46168809e-07,1784851200000,64940.1,1784851200000,64969.0,1,0,0
1784880000000,-8.3475733975e-06,1784880000000,65276.1,1784880000000,65313.1,1,0,0
1784908800000,4.63556429945e-05,1784908800000,63928.5,1784908800000,63959.4,1,0,0
1784937600000,2.97244816893e-05,1784937600000,64040.3,1784937600000,64073.8,1,0,0
1784966400000,2.85540115723e-05,1784966400000,63843.8,1784966400000,63876.1,1,0,0
1784995200000,-1.9531187263e-06,1784995200000,64186.1,1784995200000,64213.2,1,0,0
1785024000000,4.04469961172e-05,1785024000000,64477.4,1785024000000,64511.9,1,0,0
1785052800000,2.91130085216e-05,1785052800000,64449.8,1785052800000,64481.6,1,0,0
1785081600000,1.07069213573e-05,1785081600000,64703.7,1785081600000,64734.6,1,0,0
1785110400000,7.56427045204e-05,1785110400000,65100.1,1785110400000,65136.0,1,0,0
1785139200000,5.25092874623e-05,1785139200000,65145.5,1785139200000,65167.3,1,0,0
1785168000000,2.28280571175e-05,1785168000000,64874.1,1785168000000,64904.1,1,0,0
1785196800000,2.42408062139e-05,1785196800000,63451.3,1785196800000,63487.8,1,0,0
1785225600000,-1.91622586045e-05,1785225600000,63394.8,1785225600000,63432.4,1,0,0
1785254400000,2.17766318961e-05,1785254400000,64012.7,1785254400000,64040.9,1,0,0
1785283200000,6.30482846255e-05,1785283200000,63926.6,1785283200000,63954.0,1,0,0
1785312000000,2.96713694924e-05,1785312000000,64389.6,1785312000000,64419.9,1,0,0
1785340800000,8.32522231396e-05,1785340800000,63789.7,1785340800000,63815.9,1,0,0
1785369600000,4.04338305763e-05,1785369600000,63667.8,1785369600000,63697.6,1,0,0
1785398400000,9.62099627254e-05,1785398400000,64274.5,1785398400000,64302.4,1,0,0
1785427200000,6.54209108987e-05,1785427200000,64793.7,1785427200000,64818.0,1,0,0
1785456000000,8.3718938775e-05,1785456000000,64703.4,1785456000000,64729.7,1,0,0
1785484800000,6.14627349266e-05,1785484800000,63797.2,1785484800000,63826.6,1,0,0
1785513600000,8.52982373885e-05,1785513600000,62845.4,1785513600000,62880.0,1,0,0
1785542400000,5.39822210069e-05,1785542400000,62910.5,1785542400000,62942.7,1,0,0
1785571200000,2.58948940129e-05,1785571200000,63096.7,1785571200000,63125.1,1,0,0
1785600000000,-1.67608519619e-05,1785600000000,62906.8,1785600000000,62927.6,1,0,0
1785628800000,3.932477315e-06,1785628800000,62807.6,1785628800000,62838.2,1,0,0
1785657600000,3.86614321009e-05,1785657600000,63163.4,1785657600000,63193.4,1,0,0
1785686400000,1.45842068056e-05,1785686400000,63154.6,1785686400000,63189.0,1,0,0
1785715200000,4.65977825645e-05,1785715200000,63290.5,1785715200000,63321.6,1,0,0
1785744000000,5.59014076037e-05,1785744000000,62510.3,1785744000000,62546.4,1,0,0
1785772800000,9.3903184464e-06,1785772800000,63741.4,1785772800000,63775.7,1,0,0
1785801600000,2.0744694233e-05,1785801600000,63331.7,1785801600000,63362.7,1,0,0
1785830400000,7.65568315504e-05,1785830400000,63559.7,1785830400000,63587.0,1,0,0
1785859200000,8.61606534537e-05,1785859200000,63929.2,1785859200000,63954.6,1,0,0
1785888000000,2.47201823115e-05,1785888000000,63967.3,1785888000000,63994.3,1,0,0
1785916800000,5.83548644242e-05,1785916800000,64101.5,1785916800000,64125.4,1,0,0
1785945600000,-1.26370128981e-05,1785945600000,64630.8,1785945600000,64662.5,1,0,0
1785974400000,6.78768004445e-05,1785974400000,64618.3,1785974400000,64647.7,1,0,0
1786003200000,6.41484120459e-05,1786003200000,64912.5,1786003200000,64949.5,1,0,0
1786032000000,5.95020744934e-05,1786032000000,64727.5,1786032000000,64755.6,1,0,0
1786060800000,5.16952207192e-05,1786060800000,64297.0,1786060800000,64324.2,1,0,0
1786089600000,7.3281191651e-05,1786089600000,64570.0,1786089600000,64601.7,1,0,0
1786118400000,1.18733046652e-05,1786118400000,64779.7,1786118400000,64810.2,1,0,0
1786147200000,3.77794416445e-05,1786147200000,64885.7,1786147200000,64919.7,1,0,0
1786176000000,3.55955914474e-05,1786176000000,64957.8,1786176000000,64985.6,1,0,0
1786204800000,2.5113246157e-05,1786204800000,65054.5,1786204800000,65082.9,1,0,0
1786233600000,4.6530528329e-05,1786233600000,64947.5,1786233600000,64978.1,1,0,0
1786262400000,7.399680428e-06,1786262400000,64787.2,1786262400000,64822.4,1,0,0
1786291200000,1.04271043705e-05,1786291200000,65208.2,1786291200000,65233.0,1,0,0
1786320000000,9.22148908769e-05,1786320000000,64947.4,1786320000000,64971.8,1,0,0
1786348800000,5.74400912064e-05,1786348800000,65215.1,1786348800000,65247.7,1,0,0
1786377600000,9.6723689051e-05,1786377600000,63888.1,1786377600000,63905.8,1,0,0
1786406400000,0.0001,1786406400000,64021.0,1786406400000,64043.0,1,0,0
1786435200000,0.0001,1786435200000,64109.8,1786435200000,64136.3,1,0,0
1786464000000,0.0001,1786464000000,63488.5,1786464000000,63511.9,1,0,0
1786492800000,4.95294037917e-05,1786492800000,63714.3,1786492800000,63744.9,1,0,0
1786521600000,6.65167980022e-05,1786521600000,63765.9,1786521600000,63797.7,1,0,0
1786550400000,8.87121109659e-05,1786550400000,63463.1,1786550400000,63492.3,1,0,0
1786579200000,0.0001,1786579200000,63538.4,1786579200000,63564.6,1,0,0
1786608000000,6.91212484189e-05,1786608000000,63743.6,1786608000000,63766.6,1,0,0
1786636800000,5.59148615532e-05,1786636800000,63129.4,1786636800000,63165.1,1,0,0
1786665600000,0.0001,1786665600000,63514.6,1786665600000,63544.2,1,0,0
1786694400000,8.26026727968e-05,1786694400000,62913.1,1786694400000,62937.1,1,0,0
1786723200000,0.0001,1786723200000,63108.3,1786723200000,63134.5,1,0,0
1786752000000,8.85927084285e-05,1786752000000,62993.3,1786752000000,63017.8,1,0,0
1786780800000,7.65914290582e-05,1786780800000,62909.9,1786780800000,62931.5,1,0,0
1786809600000,6.47375951599e-05,1786809600000,63066.2,1786809600000,63093.3,1,0,0
1786838400000,5.09375327473e-05,1786838400000,63058.1,1786838400000,63082.0,1,0,0
1786867200000,4.58871049066e-05,1786867200000,63036.6,1786867200000,63063.7,1,0,0
1786896000000,6.56875428578e-05,1786896000000,63228.4,1786896000000,63255.1,1,0,0
1786924800000,0.0001,1786924800000,62888.0,1786924800000,62911.1,1,0,0
1786953600000,3.25081180166e-05,1786953600000,63354.1,1786953600000,63378.6,1,0,0
1786982400000,2.34012172617e-05,1786982400000,64084.8,1786982400000,64115.6,1,0,0
1787011200000,-1.7199214452e-05,1787011200000,64348.9,1787011200000,64383.7,1,0,0
1787040000000,5.21315570257e-05,1787040000000,64260.4,1787040000000,64292.7,1,0,0
1787068800000,1.96881311933e-05,1787068800000,64807.3,1787068800000,64843.2,1,0,0
1787097600000,5.91412493872e-05,1787097600000,64463.1,1787097600000,64495.3,1,0,0
1787126400000,9.58441601342e-05,1787126400000,64382.9,1787126400000,64418.0,1,0,0
1787155200000,4.67644705158e-05,1787155200000,68440.7,1787155200000,68462.4,1,0,0
1787184000000,0.0001,1787184000000,69397.2,1787184000000,69428.4,1,0,0
1787212800000,0.0001,1787212800000,71549.2,1787212800000,71588.4,1,0,0
1787241600000,5.8895290316e-05,1787241600000,72801.5,1787241600000,72848.9,1,0,0
1787270400000,1.15687813457e-05,1787270400000,73698.3,1787270400000,73740.1,1,0,0
